,Date,Close,High,Low,Open,Volume
0,2021-01-19,194.47848510742188,196.89909365871054,192.94511173886124,195.81898382154475,9772000
1,2021-01-20,198.6735382080078,199.81152353748573,195.02815326587123,195.79966649876272,12675700
2,2021-01-21,197.83450317382812,199.79220913629553,197.4583925385607,198.7120995612485,6513500
3,2021-01-22,194.82562255859375,198.01774374155704,194.61345607071797,196.72546765386977,7316200
4,2021-01-25,193.8226776123047,194.4591771632221,188.7789329742226,193.20546993985522,19282400
5,2021-01-26,194.8159942626953,196.2432989489071,193.813037322079,194.57489728784228,9605300
6,2021-01-27,188.02671813964844,192.58826898283164,187.05269161623232,190.60163217771813,13772400
7,2021-01-28,191.16094970703125,194.80633439117955,191.11272737425247,192.87755880314808,11041300
8,2021-01-29,186.3679656982422,195.81897026534526,185.9436326586192,190.77522555977242,21503000
9,2021-02-01,191.29595947265625,192.11569496685522,188.07490783862735,188.19062966260287,12970700
10,2021-02-02,195.3946075439453,197.07264756880542,192.87755486434997,193.6972903586793,11305100
11,2021-02-03,194.1891326904297,196.26256062439126,193.82266060864677,195.83824234306252,13458600
12,2021-02-04,201.79818725585938,202.21286702888662,195.86720699327802,196.00222072349538,14534800
13,2021-02-05,201.33526611328125,202.6468342466133,201.22918285560766,202.50216723229937,10284000
14,2021-02-08,199.52218627929688,203.1482790175406,198.57709037964102,202.52143284963807,8637100
15,2021-02-09,199.1654052734375,200.23587649579315,196.4458241675747,198.43246100725992,7619400
16,2021-02-10,199.08822631835938,200.56373852353832,198.60603240253903,200.56373852353832,8467600
17,2021-02-11,203.47337341308594,204.37163954667145,200.12175069472468,200.25697402897103,8411100
18,2021-02-12,202.7972412109375,203.92732500450163,200.5950096332058,202.21770425812858,6911000
19,2021-02-16,200.80751037597656,203.8500573442412,200.27628535103392,203.47336273730224,9652700
20,2021-02-17,200.43081665039062,201.17455232211296,198.06440104571493,198.2575751227469,8373200
21,2021-02-18,202.20803833007812,202.54608924998425,197.9678036084602,198.8564160736431,7328600
22,2021-02-19,197.74560546875,202.38185579615632,196.80869596503157,202.19833531259016,15011500
23,2021-02-22,201.21319580078125,203.46369516663822,196.18092782755107,196.6059196395843,8337700
24,2021-02-23,204.87388610839844,206.61248221022976,199.50356739025912,200.32456087012616,10571700
25,2021-02-24,211.94415283203125,213.0066322992942,204.08184898899464,205.11535308335377,12039000
26,2021-02-25,206.45794677734375,212.92937420821414,205.3278629425194,211.80894391893554,11404300
27,2021-02-26,205.1443328857422,207.86813590340893,203.55062838867286,206.74770566614586,11730000
28,2021-03-01,209.2396697998047,210.36975346789546,207.46243021969508,207.63629718152805,6982000
29,2021-03-02,208.40904235839844,210.49534307549345,207.4914544161164,209.55844804179668,6155200
30,2021-03-03,207.52037048339844,209.78053754494786,205.59825428384647,207.8101241541867,6484600
31,2021-03-04,204.28466796875,209.61635704669686,201.5512117776958,208.60217489636818,10658900
32,2021-03-05,208.06130981445312,208.72777288159716,202.47849519906123,206.4386152068542,7582000
33,2021-03-08,212.75547790527344,218.41556419118638,208.4476246276396,209.57770822846592,14750400
34,2021-03-09,212.84239196777344,217.32409720505046,212.67819330736208,214.48439331012042,9228600
35,2021-03-10,215.5565643310547,216.54177120643507,211.91517357444465,213.19014891178824,7822900
36,2021-03-11,218.43487548828125,220.44391795232744,216.17470824306727,216.87014658593844,10053400
37,2021-03-12,216.70596313476562,218.81158539874647,215.79802886011856,217.594575582355,8172400
38,2021-03-15,215.6531524658203,219.3428255770325,214.17534956480193,216.58039383128028,9306100
39,2021-03-16,217.0343475341797,217.88433101509668,214.7162295257959,216.07813085638293,8949300
40,2021-03-17,215.4116668701172,218.5218176054211,214.19464239389882,217.3724121504303,8675600
41,2021-03-18,213.13217163085938,214.92871818546737,212.0890141406127,213.8758924134761,9321800
42,2021-03-19,199.84161376953125,212.65891269059335,199.8223066797889,211.6447304261357,32209700
43,2021-03-22,200.9040985107422,205.04773905770205,199.19447777651658,199.50356807934833,11371600
44,2021-03-23,201.04896545410156,202.79722975899725,200.42114607254226,201.91827083422532,8820700
45,2021-03-24,200.9717254638672,203.9369851400895,200.8364873973694,201.628520275921,10101600
46,2021-03-25,200.8751220703125,201.69613028689184,198.75983137853186,200.58535359750587,8390800
47,2021-03-26,206.24545288085938,206.409651586163,200.6143407429114,201.14558051785698,7399900
48,2021-03-29,207.19198608398438,207.9453752050701,203.91763652288563,205.20226534172033,7792300
49,2021-03-30,204.67103576660156,206.84427712450278,204.19776152557426,205.74316875936228,5498000
50,2021-03-31,204.5068359375,206.80564705506183,204.33298370419,205.29886874676407,13180000
51,2021-04-01,209.46182250976562,210.31180602932943,205.05738925063588,206.48689492952778,6138400
52,2021-04-05,211.56744384765625,212.98729597626195,209.89646692489546,211.1424668279097,10440500
53,2021-04-06,211.19076538085938,211.91517918583133,207.99368814636773,210.1959049344235,7828100
54,2021-04-07,211.7896270751953,213.49923306702516,211.18111475437365,211.6447354692566,5614300
55,2021-04-08,213.17079162597656,215.21847760853774,210.66915330567335,212.46569978512994,11042000
56,2021-04-09,214.92872619628906,215.00599876195423,212.02140302379786,213.46057692512093,5724900
57,2021-04-12,213.9145965576172,214.33958840400268,211.74135485625015,212.72656188757668,6315200
58,2021-04-13,213.4799041748047,214.05942632466443,212.70719323675638,213.46058234833876,4764000
59,2021-04-14,214.40716552734375,215.48896683690455,212.5623362290828,213.46060227743516,4972600
60,2021-04-15,218.5604705810547,219.86442130963613,216.22303050034364,216.25200587313554,8698100
61,2021-04-16,218.68603515625,220.02861477055657,218.05820103813323,219.42010247992053,6829400
62,2021-04-19,218.0872039794922,219.81614667079518,217.40143376871453,218.0485750578836,6541600
63,2021-04-20,215.66281127929688,217.69117576543042,214.25262736955435,217.11163884418193,5799100
64,2021-04-21,219.69052124023438,220.09619113644692,215.2667665554867,215.69175827672865,9490600
65,2021-04-22,219.80648803710938,223.05184795367728,219.14967847906283,219.5456949230146,7303000
66,2021-04-23,222.153564453125,223.9114823418467,219.94169414404618,220.8109848053073,5345200
67,2021-04-26,222.4819793701172,225.00294017232378,221.6899612200562,222.89731764375213,5650000
68,2021-04-27,222.06663513183594,223.27399144297215,221.17802265542804,223.14842167037838,6642100
69,2021-04-28,225.48583984375,228.20964249176617,222.8006808473533,223.07112745575046,10111400
70,2021-04-29,228.77951049804688,229.3976762782779,225.1960708385187,227.2051133088282,7411400
71,2021-04-30,225.5921630859375,227.88130647769194,224.36548465663597,227.2921306070457,10260200
72,2021-05-03,224.6745147705078,227.6977395950209,223.4961338687337,226.06539155543697,8174400
73,2021-05-04,224.11427307128906,224.46199222622,222.37567729663442,223.69894963696728,5884500
74,2021-05-05,221.3905029296875,225.87220865098297,220.85926324261078,225.87220865098297,6523200
75,2021-05-06,223.4285125732422,223.67963735320185,220.85925508211875,221.79616465791764,6124100
76,2021-05-07,224.2012481689453,225.26372769069937,222.83936135790796,224.41374407329613,4528700
77,2021-05-10,218.26104736328125,224.08533307403454,217.47868282575266,223.69898494678762,9627400
78,2021-05-11,217.7877655029297,218.69569984371503,214.46511844228408,216.10713488237852,7633300
79,2021-05-12,213.10324096679688,217.3241542690305,212.79415065081582,216.0008963570506,7721300
80,2021-05-13,216.42105102539062,217.5430940362974,213.66427395732856,214.26398787347233,6650100
81,2021-05-14,219.51632690429688,220.06767335367405,217.56240113778907,218.4329691373504,4777200
82,2021-05-17,219.03271484375,219.72916344099917,217.94935691898226,218.78121049718266,5534200
83,2021-05-18,218.19117736816406,221.68307313694464,218.05574286889814,220.91892205471984,6900000
84,2021-05-19,217.24322509765625,217.49472944318498,214.53481553727673,215.47308615026154,9311900
85,2021-05-20,219.03271484375,220.15477255705642,217.8719721015496,218.06542676530887,7478600
86,2021-05-21,219.35189819335938,221.80880315527935,219.1390936581171,219.4583004609805,5603900
87,2021-05-24,221.81854248046875,222.58269368272988,220.18382302133685,220.49334757781645,4040100
88,2021-05-25,221.5282745361328,222.65999958521866,220.94789590394646,222.37947783445995,4689100
89,2021-05-26,219.6421356201172,221.8475515048359,218.97470440980695,220.59007391030244,4295600
90,2021-05-27,219.43894958496094,220.9479164574458,218.96497316592942,220.30950285458124,5969600
91,2021-05-28,219.8645477294922,221.9248609677977,219.71944568533615,220.145054732766,5779700
92,2021-06-01,219.2164764404297,222.5536169709387,218.8779197484991,221.9345532631331,5091500
93,2021-06-02,222.1473846435547,225.48452557736672,221.29616640758368,221.7217755255692,9081100
94,2021-06-03,220.6480712890625,222.85348679845356,220.31919690389665,221.50895703825773,6382400
95,2021-06-04,222.61167907714844,223.15335804268366,221.24779933629705,221.84752798497803,5085700
96,2021-06-07,223.7530517578125,227.0031250436045,222.55360940735886,225.233001114608,5421300
97,2021-06-08,224.45919799804688,225.23303140046875,222.631024149143,224.5559179485718,4170600
98,2021-06-09,224.7106475830078,227.16756709139793,224.5268605221863,224.89443464382936,4659000
99,2021-06-10,226.2970428466797,226.59689978925095,224.53658622011997,225.47485683634636,4452500
100,2021-06-11,227.27401733398438,227.73831148696252,226.06490721502934,226.72265603511127,5378300
101,2021-06-14,226.42279052734375,227.52549832375757,223.99490281373943,227.02250440058714,5805800
102,2021-06-15,225.35874938964844,227.1192205974237,225.0105251265524,226.77099633432766,7093800
103,2021-06-16,222.08935546875,226.51952201426573,220.54168859231427,225.97784303540678,8905400
104,2021-06-17,224.55592346191406,225.70699864682692,221.71210888463187,221.71210888463187,6876700
105,2021-06-18,222.87283325195312,224.5849223975285,221.72175816199353,222.91151827799283,8840000
106,2021-06-21,226.65492248535156,227.3223387814581,222.86314068340195,223.8787959960798,7298400
107,2021-06-22,228.2122344970703,228.36700410835866,225.6102423605421,226.63556520595304,8858400
108,2021-06-23,227.00314331054688,228.2025857575196,226.2873596286618,227.7479592116308,6814700
109,2021-06-24,228.5121307373047,230.45637437448428,227.7092798969729,229.2472643305468,4611500
110,2021-06-25,229.55679321289062,230.67883606563066,228.5895052214518,228.6668752722807,7825200
111,2021-06-28,226.4324951171875,230.5724875041148,224.2754465265314,230.21459558700352,9301700
112,2021-06-29,228.2316436767578,228.78300502533529,226.4905219965741,226.89679602165558,11897700
113,2021-06-30,226.1713104248047,228.66690073209006,226.1713104248047,227.41910557844736,7797100
114,2021-07-01,227.4578094482422,228.52183234928256,226.39380130684813,226.53888862987804,5329600
115,2021-07-02,230.82394409179688,230.96903139040887,228.10586712707715,228.11553469377,4383700
116,2021-07-06,231.76220703125,232.73916258229704,229.45038933826984,231.6654723289255,8048700
117,2021-07-07,232.1491241455078,233.1550971892284,230.50473746807256,232.400613716527,4366100
118,2021-07-08,228.87005615234375,229.31501520801197,226.87744486924984,229.21828048645264,6388000
119,2021-07-09,230.66915893554688,231.61709699515487,229.65350363471694,230.9496659471911,5615900
120,2021-07-12,230.0887908935547,230.7078546206308,229.5084269517203,229.80828386894794,7010700
121,2021-07-13,234.42222595214844,234.54796334124197,230.45633970086854,230.45633970086854,8079200
122,2021-07-14,237.9431610107422,238.7363294309831,234.8768600721942,235.2637693367543,8693400
123,2021-07-15,240.41944885253906,240.66127086611843,237.28543024307842,237.28543024307842,10135100
124,2021-07-16,240.0034942626953,242.26695940403994,239.42313031745184,241.81233286246191,8674500
125,2021-07-19,232.54571533203125,236.45355242012837,231.0851009825587,236.00860819843072,11474600
126,2021-07-20,234.7607879638672,236.22140224845188,231.67513697018012,232.7681771021446,7072300
127,2021-07-21,235.68942260742188,238.8234266134814,234.3739101975805,235.33151597292309,11241400
128,2021-07-22,236.15370178222656,237.3241268062925,235.1960813079908,235.8054774970176,10293600
129,2021-07-23,240.87408447265625,241.83169023625203,238.68800394155738,238.68800394155738,6766000
130,2021-07-26,242.0638427734375,242.17024505295447,239.59725520983113,241.05786966135003,4879000
131,2021-07-27,242.72157287597656,244.40465932415302,240.10023063847487,241.0385011874438,7038300
132,2021-07-28,238.86209106445312,243.27292179793446,237.8657856470064,241.8703572086821,9036500
133,2021-07-29,239.81005859375,242.18959376053996,239.01689004458316,239.99384569016462,7495300
134,2021-07-30,238.330078125,240.33237127213454,237.95283641375414,239.12326133100774,5804700
135,2021-08-02,231.93634033203125,239.72301251900097,230.57246056345463,238.18502797638232,9989500
136,2021-08-03,229.33432006835938,233.49366163231699,226.37442099901688,232.7585280283141,9839000
137,2021-08-04,228.92803955078125,229.7792576780302,227.36103777983928,229.2472463484996,8171800
138,2021-08-05,232.3522491455078,232.39093416996124,228.695887049831,228.87000655897896,5337500
139,2021-08-06,233.5032958984375,234.6640531997832,232.01367900918572,232.14909872639043,4509700
140,2021-08-09,232.1491241455078,234.2578049385338,230.26291546375433,233.84187817573547,5226900
141,2021-08-10,230.28224182128906,233.44526268755817,227.85433969990052,232.64241194411804,7185700
142,2021-08-11,227.37075805664062,230.5628120141855,226.90646386125206,230.29197250357166,7375700
143,2021-08-12,224.51333618164062,226.76051077680617,223.76751967838337,226.5474161245141,9867000
144,2021-08-13,225.34634399414062,225.94689020144855,224.1355856129562,224.71675554783087,5445400
145,2021-08-16,227.9712371826172,228.08746523857474,222.9732238597613,224.92013247562795,7575900
146,2021-08-17,227.16732788085938,228.27153892627,225.89845547022912,227.62257421166393,6850500
147,2021-08-18,224.35836791992188,226.9929792472665,224.20338730542753,226.5764706932835,4996500
148,2021-08-19,224.3002471923828,225.13323471596667,221.714054451933,221.84965879062855,5761300
149,2021-08-20,224.09683227539062,224.87172054145483,223.07011160425537,224.59081633987142,5522200
150,2021-08-23,226.78958129882812,227.28356541504715,224.71676346837086,225.39478522977913,6342000
151,2021-08-24,226.8864288330078,228.77520885967516,226.60552462559096,227.66130233539926,5081800
152,2021-08-25,225.28823852539062,227.6225843202442,224.79425440779434,227.6225843202442,5277100
153,2021-08-26,223.28323364257812,225.32699448994592,222.92483909243876,224.84269111170488,5889100
154,2021-08-27,225.38507080078125,225.73376976593272,223.00229207561893,223.76749956181195,6369000
155,2021-08-30,223.97091674804688,226.33431939375365,222.70204437181042,225.38508899302,6448000
156,2021-08-31,221.9077911376953,224.5617639201067,221.4816018436473,223.660966822949,9405100
157,2021-09-01,222.89576721191406,223.53505117571575,221.5881570456999,221.90779902760076,8177600
158,2021-09-02,217.14222717285156,223.31226145487676,214.9919340520928,223.19601860906184,19708800
159,2021-09-03,218.04307556152344,220.16432680099192,216.33833292813796,216.9679214310983,11532000
160,2021-09-07,219.16665649414062,220.84234205649793,218.7695241740004,219.62190285532262,9662600
161,2021-09-08,221.89805603027344,222.9925860874959,219.91240978070846,220.24174721812187,10652600
162,2021-09-09,220.34832763671875,222.77952495793588,219.97057164211108,222.11118401829978,5853000
163,2021-09-10,217.84933471679688,222.81827699815727,217.76216366163175,222.6342541416193,6715400
164,2021-09-13,217.578125,220.06743650205328,216.39642365855732,218.44986510707372,6808100
165,2021-09-14,216.0283203125,218.7210453721302,215.30186539109408,217.9364764217739,6575700
166,2021-09-15,216.7838592529297,217.78152295355738,214.41077583667703,215.53436313555883,6535800
167,2021-09-16,217.2875213623047,218.13020437870009,215.75712115361424,216.83227507580597,5928500
168,2021-09-17,214.7885284423828,216.6773084873888,212.41544506379762,215.46655015344075,13787400
169,2021-09-20,213.14190673828125,213.57777679619798,209.51931236895902,210.14891559018568,8822600
170,2021-09-21,213.25811767578125,215.19533091509047,212.10547343363004,213.81991128875262,7033600
171,2021-09-22,215.75714111328125,217.06476606223754,214.1589459799038,214.449516164325,6005900
172,2021-09-23,221.14259338378906,221.52034940572068,217.31659987350423,217.93650757051418,7952700
173,2021-09-24,224.31961059570312,224.66830958100152,221.44284766193263,221.74311335876314,6461200
174,2021-09-27,222.39210510253906,226.00500396934876,221.5881597648199,224.4455465850531,6881100
175,2021-09-28,218.47894287109375,221.6850289472368,216.9679186594779,221.6850289472368,6951400
176,2021-09-29,219.56373596191406,221.8302866278833,218.9922616177429,219.67997880360718,6432700
177,2021-09-30,215.75714111328125,221.6075190426165,215.64091303951278,220.43551321941044,7128500
178,2021-10-01,223.22509765625,224.2905561157732,216.45453177335236,217.1325534802789,7925400
179,2021-10-04,217.67495727539062,223.09916015217337,213.87802117354823,222.7795182003143,10283400
180,2021-10-05,217.23912048339844,220.2418073172057,216.8904214625677,218.40144562624556,5814000
181,2021-10-06,219.3990936279297,219.5056409538532,214.3042278150533,215.0694205886749,5420900
182,2021-10-07,223.312255859375,223.90310647993482,221.316928616759,221.72374161750716,6561900
183,2021-10-08,223.04107666015625,225.42384094788432,222.9538908215197,223.74815543727294,3735200
184,2021-10-11,218.04307556152344,223.08952345147802,217.81060461070265,222.789242930922,5620200
185,2021-10-12,217.01632690429688,219.1182016001199,215.92179664001816,218.47891765214658,5448200
186,2021-10-13,215.4762420654297,218.76949876663153,211.76647681885723,216.12520674797034,9076000
187,2021-10-14,218.11083984375,218.5660861547433,216.05739846123703,217.0841191524935,5590500
188,2021-10-15,223.73843383789062,223.8352856256963,219.61216044757606,220.08678298104206,6355100
189,2021-10-18,223.40911865234375,225.4528792818199,220.97792127348708,222.95387234295112,5580200
190,2021-10-19,226.18902587890625,226.305253945754,223.43817179880665,224.6683063654146,4409700
191,2021-10-20,224.1549530029297,226.46024159887943,224.04840567841694,226.13091887939083,5401800
192,2021-10-21,223.01199340820312,223.5834677666001,219.19568096237458,223.45754417653282,5982200
193,2021-10-22,223.97091674804688,225.51101258997213,221.53003857473178,223.06042411111738,3788000
194,2021-10-25,226.53770446777344,227.48693474770337,224.99760882184836,226.12119596611979,4938700
195,2021-10-26,224.5424041748047,229.52104184171893,224.06778158823892,228.1359266252899,7814500
196,2021-10-27,209.0059356689453,217.69433824884428,208.88970760385422,217.69433824884428,22958100
197,2021-10-28,203.2523956298828,213.0837610153103,202.44845041694347,212.36698684503878,23199400
198,2021-10-29,205.12181091308594,206.962157425377,201.99320115052313,202.64218053787837,14329800
199,2021-11-01,205.7902069091797,208.4926133738549,204.81190458365927,206.7878707292377,13210300
200,2021-11-02,202.57440185546875,206.65224250937555,201.29584871456433,206.46820487414902,14688700
201,2021-11-03,201.56707763671875,203.55270971985342,200.24007629256593,203.10715887593926,11486700
202,2021-11-04,202.22569274902344,205.6933062874885,201.34425716108308,202.59376800107862,11368200
203,2021-11-05,209.86801147460938,210.79788040775296,204.7247122731751,205.29618667783106,14273600
204,2021-11-08,213.56805419921875,214.6528887582971,211.30150373862665,211.5145983526974,13500100
205,2021-11-09,206.6909637451172,213.49058628000614,206.23571745641402,212.793188339004,11535000
206,2021-11-10,209.160400390625,210.50913314333604,206.9966093137826,207.2100790852145,10063600
207,2021-11-11,204.17303466796875,210.34421913905226,203.92075889608574,210.04342480948034,13546900
208,2021-11-12,205.79342651367188,207.23919642859948,205.15301717102344,205.22094610393302,7660500
209,2021-11-15,205.9971923828125,209.97546176890856,205.521734283929,207.27799622425104,9596900
210,2021-11-16,208.7916717529297,209.2477194522359,205.37618511043377,205.86134097728873,8719600
211,2021-11-17,198.97215270996094,201.15535445056122,193.53841503904863,199.83572969512255,38379600
212,2021-11-18,197.29351806640625,201.69872752567358,195.29467794501156,200.36940497627282,18292200
213,2021-11-19,194.89683532714844,197.45845797349213,193.91682570610902,196.04179618306875,18032600
214,2021-11-22,189.77357482910156,195.7118780321487,188.822673454773,194.06235100972253,21185800
215,2021-11-23,192.5972137451172,193.0144407540062,188.6092312566402,191.12233551621446,14742700
216,2021-11-24,197.2158660888672,197.89508136270308,191.77241649905386,192.28668054965695,12026800
217,2021-11-26,191.78211975097656,193.27640820177416,186.83353849564654,187.58068272104535,10987600
218,2021-11-29,190.4625244140625,195.27527815671894,189.5601414155686,195.0327001714311,14633500
219,2021-11-30,188.01731872558594,191.791830977015,186.84323495118826,189.47278640308994,16023000
220,2021-12-01,184.51451110839844,190.9670792039687,184.45629476438063,190.21023712016836,13204900
221,2021-12-02,192.40313720703125,193.51900475851244,186.15434110303104,186.29988196350126,13976300
222,2021-12-03,190.49159240722656,192.5777565562058,188.2792681986779,192.3836971851488,10660500
223,2021-12-06,196.66281127929688,198.15709991548678,191.86948286936706,192.8689029545789,10722100
224,2021-12-07,201.21356201171875,201.76664686863842,199.77750463064984,199.88423952554047,11897200
225,2021-12-08,202.7854766845703,203.2609200102645,199.60285503520018,201.49496016123064,11749200
226,2021-12-09,205.11419677734375,205.90014691264943,201.0194800770119,202.32940683970943,10176800
227,2021-12-10,207.0645294189453,207.8893003601904,204.59994399456383,205.60906173847724,8882700
228,2021-12-13,204.7551727294922,206.98689253143556,203.746040301551,206.14271131068492,8844300
229,2021-12-14,203.74606323242188,207.0354195713819,202.2614873948424,204.47379706675625,9832300
230,2021-12-15,206.00689697265625,206.18156079658218,201.6890124011011,203.18328606641631,10892500
231,2021-12-16,208.0057373046875,209.84933862124424,205.3276820477591,208.8984223903303,8548400
232,2021-12-17,205.58966064453125,206.88017706326727,201.6210742899168,206.48234568789655,11578400
233,2021-12-20,202.5428924560547,203.54231243543103,200.71870151624552,202.88249270592812,9434400
234,2021-12-21,208.98577880859375,209.74262089544303,204.114808993761,204.35738696533534,6993700
235,2021-12-22,211.48916625976562,212.44006767732455,207.5011841729809,207.5011841729809,6003400
236,2021-12-23,210.18893432617188,212.03253560287234,210.18893432617188,211.9549088833055,4798200
237,2021-12-27,211.16897583007812,211.6444191680288,208.50061820243658,211.2174795786807,4818400
238,2021-12-28,211.57650756835938,213.20662441361273,209.17983604966233,209.59706304965542,4279800
239,2021-12-29,211.69293212890625,212.4400763905238,210.8778737375691,211.29510072154514,3223100
240,2021-12-30,211.40182495117188,212.64382285791936,210.70319927790354,211.49886205248583,3812800
241,2021-12-31,210.2762908935547,211.50857630261328,209.09250923314536,210.37331319663724,4723300
242,2022-01-03,214.85614013671875,215.46744132384643,210.5673636502314,211.0622321562999,7694500
243,2022-01-04,215.85557556152344,220.0570127435884,215.22486399046664,215.40922560653271,10629300
244,2022-01-05,213.4685821533203,218.5821291532484,213.3909554376616,216.03020454692887,9594600
245,2022-01-06,213.2260284423828,215.32190558592131,211.0913453394975,211.33392330132048,7877500
246,2022-01-07,210.5188751220703,213.66267618420184,209.23805631469486,210.85847540163718,10702100
247,2022-01-10,205.67698669433594,207.84077779185034,200.3693801377027,207.62730801837904,11978600
248,2022-01-11,208.01544189453125,208.56851190416927,202.54288410648604,205.1433125421113,8803100
249,2022-01-12,209.30596923828125,211.12044760410396,207.46236789653344,208.1124750393374,6923300
250,2022-01-13,208.61703491210938,213.93433937727323,208.28713245679907,210.41211764645698,8867700
251,2022-01-14,208.2968292236328,211.7705471925342,207.36533820075974,207.81167333086643,8838100
252,2022-01-18,209.30596923828125,210.47034046130003,207.9669341886288,209.4709204710121,9099300
253,2022-01-19,208.30653381347656,211.75114372575536,205.81284014223493,206.67641706732718,9399800
254,2022-01-20,207.986328125,213.08046477796995,207.5884967568089,208.34533873221613,8532700
255,2022-01-21,199.81629943847656,209.1992274595171,199.7095793553255,209.0633844013996,16200200
256,2022-01-24,195.85748291015625,196.70164961139025,189.841536672044,196.1776728407176,16054000
257,2022-01-25,196.0030059814453,199.28266497779785,191.14174863842365,193.69365889589199,12125500
258,2022-01-26,199.7581024169922,204.5999640384364,197.62341923766886,198.21531007794246,10817600
259,2022-01-27,200.02975463867188,204.69696643666532,199.7386729680497,203.28030481458293,12009800
260,2022-01-28,221.23110961914062,221.34754230740498,209.6844041183501,214.08961355850192,26425300
261,2022-01-31,219.45538330078125,219.65915526107918,215.4577040552593,218.85379481783244,12380600
262,2022-02-01,225.461669921875,227.64487166052064,219.69801496292504,220.16376052154985,12247200
263,2022-02-02,228.4308319091797,228.8480737364902,223.18144083459268,224.43315151073915,10590500
264,2022-02-03,224.66598510742188,226.55810494057215,223.70538591202617,226.12145279090183,9968000
265,2022-02-04,221.6094970703125,223.3851693261099,218.27162232536762,221.71623195363745,10848100
266,2022-02-07,220.416015625,223.09407066345895,219.30014825463894,221.23107392290726,5984500
267,2022-02-08,221.17288208007812,221.7162543388541,218.07758495692542,219.5427504979666,7542000
268,2022-02-09,224.0159149169922,226.22822497614283,223.28818095527723,223.29789355046938,7772800
269,2022-02-10,219.24874877929688,223.48619145855807,218.54898651447428,221.62016369565455,6794600
270,2022-02-11,218.37405395507812,222.66009413126577,217.2563711094072,220.86209097902628,7535200
271,2022-02-14,219.00579833984375,220.87182629153676,216.5469165990812,217.01341987953649,8280800
272,2022-02-15,221.41610717773438,222.84477261022087,218.58790218246259,220.88156442143125,9461700
273,2022-02-16,222.38795471191406,223.4181560995107,219.25846663079798,221.10505234480672,9561300
274,2022-02-17,218.2963104248047,222.37824727136223,217.86867626214104,221.97976863525557,8131200
275,2022-02-18,216.43026733398438,219.39453590744716,215.60415459339194,218.28658148669535,8121200
276,2022-02-22,215.09884643554688,218.0339455300324,213.73819062345228,214.80727627367844,9928800
277,2022-02-23,209.87974548339844,217.97559493412578,209.36464471712242,216.57607027485824,8669900
278,2022-02-24,211.19183349609375,211.73608986743204,195.7873613243725,197.6533895246212,13463400
279,2022-02-25,213.10643005371094,214.47678436207022,208.22753568369387,211.18207622262696,8463600
280,2022-02-28,210.0449676513672,212.50384940114355,207.24593312850286,209.92834553829383,8409400
281,2022-03-01,203.09593200683594,209.10220738105872,201.45343490712676,208.45104261209696,9317800
282,2022-03-02,202.61973571777344,204.62182785829236,200.39411290531856,201.0841468842995,8865700
283,2022-03-03,201.40487670898438,205.55485355486792,200.75371181300525,204.63156048832658,8610000
284,2022-03-04,194.659912109375,200.56900723010406,191.32633531979704,199.23752219320053,10912300
285,2022-03-07,185.33950805664062,194.55302548002064,184.7077851885646,194.22258628225384,13412400
286,2022-03-08,186.32113647460938,190.89873247879532,181.42279999218903,184.66891074125198,11070900
287,2022-03-09,194.14479064941406,194.8639947718633,189.7518574048802,190.97643377890842,8457600
288,2022-03-10,192.40516662597656,194.31979212875765,190.78211124395034,191.36523665558772,7061600
289,2022-03-11,191.18057250976562,195.19446989084142,190.93759990290195,195.10700331153953,5432100
290,2022-03-14,194.69882202148438,198.68356409941006,192.58982145531488,192.84250764185876,7994700
291,2022-03-15,200.34552001953125,200.60793462384797,195.73875341317083,196.40936027427293,8277700
292,2022-03-16,205.91444396972656,207.6638499077477,201.18134178535973,204.09701340543742,9232300
293,2022-03-17,207.45001220703125,207.5374787877805,202.85297456146446,204.02895369341653,6668500
294,2022-03-18,212.95091247558594,213.0966901079767,204.37883177410382,205.7492008380612,14620800
295,2022-03-21,210.9390869140625,211.93041927923494,208.51908929744096,210.2587665967366,6101500
296,2022-03-22,212.32888793945312,213.39797326641357,211.07514107148407,211.71659226766033,6259900
297,2022-03-23,208.6454315185547,211.18206614772072,208.17892826200438,209.24801367271462,6008000
298,2022-03-24,211.20152282714844,211.54169043513602,207.98456763510464,208.94674457179673,5487000
299,2022-03-25,212.29000854492188,212.77595373482998,209.6270383953424,212.28029497987703,5051400
300,2022-03-28,214.5642547607422,214.76834344667324,211.3958824622536,212.35805932839904,4316800
301,2022-03-29,221.70765686035156,222.3782636803873,217.48965563532988,218.51985719601635,8032500
302,2022-03-30,217.6548309326172,219.80271503273568,216.46912357361643,219.4917030166644,7084000
303,2022-03-31,215.53614807128906,219.56948748480448,214.24353200026667,217.61599302973104,10759500
304,2022-04-01,219.9971160888672,220.25953065466024,215.983203908262,216.80931669730225,6559600
305,2022-04-04,221.33831787109375,222.7961534239106,218.63646383292945,219.413964263869,8521200
306,2022-04-05,219.73472595214844,222.55321738173114,218.97665252657475,220.45393028173973,4658000
307,2022-04-06,212.85372924804688,216.6052271039469,212.474692553041,216.5177605196852,7430000
308,2022-04-07,210.07411193847656,212.53299355667707,207.67354137369247,212.173398840695,6995100
309,2022-04-08,210.88079833984375,213.2424999865606,207.09043128939976,208.77179771640468,5438600
310,2022-04-11,208.71347045898438,211.1917940287789,207.4111408381067,209.19941567541971,6942700
311,2022-04-12,205.4576416015625,210.89052065709163,204.7773212313332,210.41428898299517,7446600
312,2022-04-13,207.27505493164062,207.8387531028974,201.3465179838275,204.51487512240575,8052900
313,2022-04-14,206.80856323242188,209.87974062698697,206.5558770530734,208.24697178220336,8191600
314,2022-04-18,207.17791748046875,209.76315003636284,205.57430392196886,205.72008158006025,4744400
315,2022-04-19,209.6367645263672,210.42399340842692,206.46840703700292,207.10985828530016,5028800
316,2022-04-20,211.66799926757812,214.61284076152,211.27924904765018,212.51355398222037,7178300
317,2022-04-21,210.36570739746094,217.62573102050987,209.29663668623812,213.3396901192163,8850300
318,2022-04-22,202.31846618652344,210.4726277984284,202.10464906626916,210.16163051525098,6201100
319,2022-04-25,204.04840087890625,204.61209913017473,199.55827166036255,200.54960409051552,6839400
320,2022-04-26,195.4471893310547,202.69748429911243,195.4471893310547,201.16189549928615,8155300
321,2022-04-27,208.09149169921875,215.56533259708056,207.06129006203918,211.25984963637694,15955800
322,2022-04-28,214.4573516845703,218.6073132562039,213.10642454326728,214.2046506747695,10799100
323,2022-04-29,207.13902282714844,214.98217129221354,206.38094943884838,212.4746920732703,7965000
324,2022-05-02,205.583984375,206.1768381388678,201.14245275870462,205.81724342024793,8803700
325,2022-05-03,202.6974639892578,207.60551358511447,200.47184144857314,207.60551358511447,6616900
326,2022-05-04,208.4899139404297,208.76204204147564,199.55823959789333,203.46524280558037,7191100
327,2022-05-05,199.47079467773438,208.54824762034906,197.3617942508017,206.30318312812622,7749600
328,2022-05-06,197.11883544921875,199.9373119261032,194.59191425417814,198.02268648267847,8825300
329,2022-05-09,187.57484436035156,195.10699484632423,186.68070698547214,194.42667454259754,10314100
330,2022-05-10,188.13856506347656,192.19134667522277,185.60193026131918,191.1805870787876,11016500
331,2022-05-11,191.1903076171875,192.7453384082728,186.0198428422207,188.0511053351706,9427300
332,2022-05-12,188.8776397705078,190.91276671253752,184.96317405894737,189.42293551974115,9308600
333,2022-05-13,193.99951171875,195.275117260937,191.3411879246706,191.82806117638734,6684500
334,2022-05-16,192.61685180664062,194.69093724177435,190.73752761773687,192.1397253846894,5161300
335,2022-05-17,198.64434814453125,199.4233485598747,194.8954170034267,197.52454526248553,7265600
336,2022-05-18,194.7396240234375,200.06602010258496,193.90220119769776,197.49532919583456,8748200
337,2022-05-19,192.18836975097656,195.15829997722395,188.2349607664154,191.19515887520433,9012400
338,2022-05-20,193.8048095703125,196.36576821277163,188.92634382494342,194.42800688024906,6966600
339,2022-05-23,202.11085510253906,202.50036268286334,195.49912179485585,195.60623452217064,12187400
340,2022-05-24,197.31028747558594,199.29672409422943,193.80479360951546,198.55668199281217,7458500
341,2022-05-25,198.48851013183594,199.5693694889412,195.20698873280043,195.32383357415415,5457200
342,2022-05-26,203.07484436035156,204.23360512295406,199.2967030217537,199.72515387765984,9212300
343,2022-05-27,207.29116821289062,207.63197058701272,204.13622407399,204.48677342275676,4897200
344,2022-05-31,206.59983825683594,208.72261381684802,203.62017569319497,204.85683817865623,9586400
345,2022-06-01,204.41867065429688,208.4889402447357,203.33782590638808,206.48302409568313,5246100
346,2022-06-02,209.4042205810547,209.59896693990578,205.5384451821718,206.3271775933453,5337200
347,2022-06-03,207.06723022460938,208.58628756052255,205.7234698795029,207.35935720683096,4352500
348,2022-06-06,207.34962463378906,211.86780872655646,206.5219339956766,209.79372350134923,3965100
349,2022-06-07,208.86868286132812,209.3263450334096,205.1879212471129,205.57741401313277,4493300
350,2022-06-08,207.89492797851562,209.91059085244282,207.24251944887334,208.14809678073325,3646300
351,2022-06-09,200.6989288330078,208.09940954516642,200.61129519776424,207.00880315986393,5138600
352,2022-06-10,194.27220153808594,198.07955475534013,193.95086333952065,196.35601891147027,5162500
353,2022-06-13,187.2125244140625,190.74722948617014,186.0635105061522,187.92337016203547,7119200
354,2022-06-14,188.439453125,189.23791764011472,186.71591741929663,187.66045284470172,6441200
355,2022-06-15,191.0101318359375,193.61003340981,187.18330006756332,190.83484972606857,6490000
356,2022-06-16,184.08680725097656,186.8327650791598,182.60670818190346,186.38484994051322,9887200
357,2022-06-17,185.0216064453125,186.28748013603243,181.02925386159043,182.02246480481455,15089300
358,2022-06-21,189.28662109375,191.56518481390944,188.64394470349103,190.57197387426797,6241600
359,2022-06-22,188.7316131591797,191.23413472550834,186.01485124857788,186.2290767346539,5138500
360,2022-06-23,191.47752380371094,192.2760031183451,188.3712698863789,190.99065052157596,4752800
361,2022-06-24,200.11465454101562,200.24124635118574,192.32468189190016,192.5389073284063,7754800
362,2022-06-27,198.21588134765625,201.6532061049091,197.2908249287535,200.3483890568485,6121200
363,2022-06-28,192.918701171875,201.36108370336115,192.31498294207205,198.64433681105163,4354200
364,2022-06-29,194.26246643066406,195.3725370730829,192.13970575899464,192.13970575899464,4324600
365,2022-06-30,191.72097778320312,193.6295277593784,187.78704784538994,190.24087871136484,7045200
366,2022-07-01,193.9508514404297,194.55458446957132,189.5982175659461,191.6235975313538,4131800
367,2022-07-05,195.27516174316406,195.30438781446162,189.04318864487,191.0783157346665,4110200
368,2022-07-06,195.8399200439453,197.19342728310008,193.4542437407409,194.74932855863923,4111200
369,2022-07-07,197.47584533691406,198.08929569039242,194.78829477772678,197.22266167078982,4650700
370,2022-07-08,198.2256622314453,198.74174689631764,195.1973087984895,197.00847861463345,3621800
371,2022-07-11,199.676513671875,201.31241599953515,196.69685088235477,196.69685088235477,5353600
372,2022-07-12,199.4427947998047,202.65614683915453,197.43686423184076,197.9140054364556,6779500
373,2022-07-13,198.79037475585938,200.17310808868916,194.26245872876757,195.16803599090798,7597300
374,2022-07-14,200.50418090820312,200.66971605955112,192.7823620687178,194.74933450753855,5605500
375,2022-07-15,204.52574157714844,206.15191157176403,201.7408255400088,203.87333309905353,7245700
376,2022-07-18,201.77005004882812,207.3204029867204,201.2150073259415,205.94741664313278,4648900
377,2022-07-19,208.0507049560547,208.48888796038486,202.44191495440703,202.75352100258485,4927100
378,2022-07-20,207.76834106445312,208.50839811000895,205.66505935874827,206.4343127602011,4460300
379,2022-07-21,210.51429748535156,211.20564930874073,207.14512742920263,207.55409925251635,4801300
380,2022-07-22,208.08966064453125,212.34494370085383,206.5511391211943,212.2086049030312,5071500
381,2022-07-25,208.64468383789062,209.16076833658812,206.06424648620944,208.94654290035214,4357200
382,2022-07-26,206.9114532470703,209.5016083222419,206.19087529966978,208.23574942773843,6141000
383,2022-07-27,204.9444580078125,211.15696637105466,195.91782242872392,205.23658497358716,17432200
384,2022-07-28,205.80136108398438,207.13538924416105,202.46140233745993,205.10999442265074,7477100
385,2022-07-29,206.5413818359375,208.53756524011257,204.32124088499148,206.43426912083953,6059700
386,2022-08-01,205.81106567382812,208.37202378366882,202.11082591518115,202.97745972623173,8028400
387,2022-08-02,200.84500122070312,203.3572696426361,198.57616948859084,202.3445795505885,9939400
388,2022-08-03,203.00672912597656,204.8081666530025,201.448743157654,202.5296027022302,9520100
389,2022-08-04,207.86570739746094,209.23869379827306,203.0748754588567,205.0028897474936,6789700
390,2022-08-05,210.2026824951172,210.28058400932758,204.97366779112502,205.1781611232016,5553700
391,2022-08-08,207.7196502685547,210.9427494231308,206.48298781656908,209.57949514729452,4063400
392,2022-08-09,204.739990234375,207.8462448037858,204.24338473129734,206.43431496083448,4596800
393,2022-08-10,206.53167724609375,209.1997336461827,205.7624090465359,209.19000152831057,5746400
394,2022-08-11,205.9025115966797,208.26315067533588,205.42452523670514,208.05829512548598,6639600
395,2022-08-12,206.14637756347656,207.9900179571613,204.9465518811135,207.7754130533874,6443700
396,2022-08-15,211.11151123046875,211.42366921213502,205.20990648963286,205.20990648963286,5290600
397,2022-08-16,211.81385803222656,212.27233077845855,206.92675170360891,209.28739069244585,6564400
398,2022-08-17,209.25811767578125,210.87738880073073,207.53152922269302,209.72633975501293,4902500
399,2022-08-18,209.97018432617188,210.7017877558798,207.21934828590537,208.62402925246616,4516400
400,2022-08-19,207.59982299804688,209.95069767494905,207.18036257124334,208.85817450943395,4178800
401,2022-08-22,203.4930877685547,206.06833164916853,203.0931409253787,204.79046650661755,5139500
402,2022-08-23,201.7274932861328,204.16617184402972,201.4641118342164,202.8980560170208,3525500
403,2022-08-24,201.60067749023438,203.23947722313744,200.63495542167476,201.5616651824448,4230800
404,2022-08-25,204.67343139648438,204.76122025667982,201.43485896492734,202.30302797961357,4495000
405,2022-08-26,197.9133758544922,205.10259473202015,197.72803392185662,204.62462331049807,5060200
406,2022-08-29,197.36709594726562,198.9571188167815,195.6990335931314,196.3135852316824,4476200
407,2022-08-30,196.44041442871094,199.39609126599146,195.29911479808376,198.91810497233976,3918200
408,2022-08-31,193.8358917236328,198.18648500814564,193.7676015940035,196.0697142572803,6559000
409,2022-09-01,195.22108459472656,195.51371408995308,191.8361978444996,193.8456664291161,5608300
410,2022-09-02,192.90919494628906,197.51342057797956,192.0215273938463,197.47440827596984,4508100
411,2022-09-06,193.7676239013672,195.13327780607784,191.5825627693189,193.04576976058513,4547800
412,2022-09-07,195.5039520263672,196.20629253827866,192.38244690926658,193.83590447396037,4098300
413,2022-09-08,195.78688049316406,196.17706311779335,192.1288625703405,192.5580575036275,4377600
414,2022-09-09,200.1667022705078,201.33726482136836,196.4111467996423,197.1134873070607,4885600
415,2022-09-12,201.56166076660156,202.1079223707641,199.92286106960157,201.43484472116654,3812300
416,2022-09-13,194.77236938476562,198.47916361949066,193.99198930095318,197.0939960408668,5217900
417,2022-09-14,194.51873779296875,195.9526818115939,193.2018455686768,195.09426229445478,4632800
418,2022-09-15,190.5778045654297,195.39663469984393,189.75841232547916,193.23108743389656,6099300
419,2022-09-16,188.55859375,189.06584296268093,183.60319806252753,185.5541405433666,9398200
420,2022-09-19,188.39279174804688,189.2316977274024,186.03215280253758,186.89055749257878,8133600
421,2022-09-20,187.35877990722656,188.2952240207585,185.62242729788574,186.41257155459877,5292500
422,2022-09-21,182.4326629638672,188.35376654299347,182.41314936846385,187.807504947797,6705900
423,2022-09-22,181.23280334472656,182.61798566667815,180.1305309150332,181.77907976687464,6604700
424,2022-09-23,179.44772338867188,180.0525108872092,177.76014716773358,178.9697370493204,10755800
425,2022-09-26,176.16036987304688,179.9744664746848,175.48729225105055,178.55027173551025,9914600
426,2022-09-27,173.507080078125,180.31588065381018,172.67793838132292,178.03326643761622,9799600
427,2022-09-28,174.78497314453125,175.68242000708432,170.54168112503527,172.9120696836862,9751000
428,2022-09-29,175.64337158203125,177.76990689745526,174.34599288057535,174.44354597086988,9105200
429,2022-09-30,173.29249572753906,178.43323439484067,173.24373406304662,175.64338547517843,9472300
430,2022-10-03,177.19435119628906,178.8624136261599,173.78020173289613,174.9410149319714,8842300
431,2022-10-04,181.0962677001953,181.64254421205368,178.5795644719989,180.51099376425944,7081400
432,2022-10-05,183.0666961669922,184.18849708707413,177.88694597148432,178.8429036730283,6119900
433,2022-10-06,181.03770446777344,183.43737027542292,180.70604781734113,182.07170160412704,5163000
434,2022-10-07,179.32090759277344,180.08177408698864,177.4675030191754,178.9502237011514,5610300
435,2022-10-10,177.71136474609375,180.2475962291317,176.462762599386,179.61354580062803,4743800
436,2022-10-11,174.74595642089844,177.18463506631932,173.81926151254115,175.9457821467818,6294500
437,2022-10-12,173.86801147460938,176.16036012005313,173.8484978807663,174.69715315655293,4884300
438,2022-10-13,180.1305694580078,180.8231458826653,170.317328620585,170.70751126395425,8426400
439,2022-10-14,178.1405792236328,182.5399646876239,177.60408187052255,182.2082931051315,6449400
440,2022-10-17,180.70608520507812,183.9446575473818,178.3649596906394,181.43768878890435,13952100
441,2022-10-18,182.5789794921875,185.5249072772071,181.18406253979336,184.84208027657667,5209200
442,2022-10-19,181.83763122558594,183.03745690617927,180.2280944496557,180.94019930408817,4927000
443,2022-10-20,182.62777709960938,186.2955446149012,181.8571462721974,181.8864241112193,5706700
444,2022-10-21,185.70046997070312,186.26624512105926,180.51097030095443,181.24257378916323,7582500
445,2022-10-24,186.03213500976562,188.39277372949508,184.4616256480828,186.71496193125589,7299200
446,2022-10-25,189.61215209960938,190.44129393151093,186.04192289067714,186.18823765968517,11907200
447,2022-10-26,198.34259033203125,201.3080166711534,191.68011926064702,191.75815875437544,15450000
448,2022-10-27,199.27903747558594,201.25925802904734,196.6452677819372,198.33284395065726,7946700
449,2022-10-28,204.2051544189453,206.3316895517487,198.3230637845074,199.97161263113455,8455600
450,2022-10-31,202.0786590576172,204.4783103693936,201.14219996322072,203.795483365413,8674100
451,2022-11-01,201.85427856445312,204.81971979281306,200.2935333409319,203.78572254715874,5919500
452,2022-11-02,196.02096557617188,201.92257024377386,195.66004593829678,200.7129804065947,6985600
453,2022-11-03,189.97303771972656,193.97247604657784,189.41701192817675,193.416450255028,8236200
454,2022-11-04,192.14834594726562,196.508704154037,190.54857349874072,192.16785954229366,9680100
455,2022-11-07,195.19183349609375,195.52349020049434,192.33369454825674,193.45549559127616,7821300
456,2022-11-08,196.83058166503906,199.1131807485332,194.840626924572,196.71352988163204,6943700
457,2022-11-09,189.59600830078125,196.83064064346732,189.00942616561173,196.21471522964572,7320200
458,2022-11-10,200.97586059570312,201.16160188172847,195.54989085354805,198.55127371772537,8048900
459,2022-11-11,200.4185791015625,201.81661373671236,197.63226605913624,201.39623070693597,9601000
460,2022-11-14,202.23703002929688,204.4954030557231,198.66860731310203,198.95211974055485,5796100
461,2022-11-15,205.29708862304688,208.95349648299526,202.8725016335346,205.29708862304688,7316100
462,2022-11-16,205.44371032714844,206.1769490403534,203.56662101147725,203.91857619052684,6125300
463,2022-11-17,206.2747344970703,206.5582469220459,202.68675460136643,203.31245108338436,5385600
464,2022-11-18,206.08900451660156,209.38368634237202,205.05269598492202,208.40603453244296,8028500
465,2022-11-21,201.70912170410156,205.84458454204733,201.28872368292627,205.60017159790283,10450900
466,2022-11-22,205.6295166015625,205.7761584128056,200.7608145371074,202.90185957017363,5273100
467,2022-11-23,206.99818420410156,208.07360700973072,205.22863706575043,205.30685098959444,3807300
468,2022-11-25,209.01217651367188,209.21748996016757,206.66581810739999,206.97867385105383,1993500
469,2022-11-28,206.53871154785156,209.6769803539725,205.94234335992502,207.51636333672903,10229400
470,2022-11-29,204.38787841796875,205.45351527622222,202.7161022307605,204.67140578768016,8986900
471,2022-11-30,212.15045166015625,212.15045166015625,203.36135614954776,203.56666960207582,13918100
472,2022-12-01,212.15045166015625,213.76357124714087,210.48844649706655,212.15045166015625,11261500
473,2022-12-02,212.795654296875,213.5973208646668,209.4520875606335,210.90877892094414,5132800
474,2022-12-05,208.9045867919922,212.06241220176884,208.28867642789203,210.83056163800944,9006300
475,2022-12-06,204.40744018554688,207.3892811598534,202.99961920634757,207.262181652131,5986000
476,2022-12-07,203.165771484375,204.34873645435815,200.54567242300018,204.1336519143612,7923800
477,2022-12-08,204.4269561767578,205.60013511693012,203.1071205454517,204.82778199651912,4896500
478,2022-12-09,204.035888671875,205.81522176826402,202.882266928943,203.26355046134356,4928400
479,2022-12-12,209.79428100585938,210.0191516443964,204.78870892563748,205.3068631487332,5941700
480,2022-12-13,208.27890014648438,215.06380495808295,207.8682882452064,214.63363584690214,14585000
481,2022-12-14,208.5526580810547,211.44649862417594,206.90042439824282,208.09316061005563,7001700
482,2022-12-15,203.26356506347656,207.08618672560317,202.1979283089034,204.915798795166,10831800
483,2022-12-16,202.26634216308594,203.7425907323019,200.7118796744852,202.85293909958196,12472900
484,2022-12-19,200.2426300048828,202.83340106412285,199.39206287478154,202.012177209622,4893600
485,2022-12-20,200.77056884765625,201.9144196327737,199.00102152406993,199.32364839953107,5024900
486,2022-12-21,202.18814086914062,203.31244924800103,200.98563348379216,201.953514014115,4086900
487,2022-12-22,200.47727966308594,202.0317424753831,197.61276699329744,201.1518618051953,5690300
488,2022-12-23,201.23004150390625,201.6308822618573,198.97166857258168,199.5680366775541,3246000
489,2022-12-27,201.6797637939453,202.25658963779028,200.0275449423393,201.31803743654615,2904900
490,2022-12-28,200.40882873535156,203.86970921339292,200.22307252422567,202.0610475888086,3139200
491,2022-12-29,203.41021728515625,203.86971479332374,200.90743123424141,201.34737153076006,3675500
492,2022-12-30,203.1168975830078,203.39063884639592,201.10293760903232,201.69930570093788,4159400
493,2023-01-03,202.7552032470703,207.58480545545115,201.55269572759414,204.60296452539998,4202800
494,2023-01-04,207.85853576660156,208.4353467094055,204.93535171148184,204.93535171148184,6606200
495,2023-01-05,206.39205932617188,209.37390011525545,205.75659166259842,209.02194489231803,5246000
496,2023-01-06,212.8836669921875,213.26495057516374,208.32780629052567,209.21747295673077,6829700
497,2023-01-09,213.71466064453125,217.24398376359144,213.47024772747108,214.17415812202682,6294500
498,2023-01-10,216.14901733398438,217.41996756612056,213.3040472203572,214.09595765233192,10857000
499,2023-01-11,217.13645935058594,217.21465836283295,214.7900862030671,216.34454890321243,5408200
500,2023-01-12,218.62246704101562,218.80822324972266,215.67974081244412,217.13644720692145,4264400
501,2023-01-13,218.0749969482422,218.75935018962335,215.2202556286367,216.9507034029576,4283200
502,2023-01-17,218.01629638671875,219.38500259423236,217.4003711344482,217.4101571973597,6101100
503,2023-01-18,214.55543518066406,219.9618475489437,214.53587797091274,219.0721809775103,6558000
504,2023-01-19,215.48419189453125,216.5693857630034,212.63922216937735,213.22581909419776,4853100
505,2023-01-20,219.29708862304688,219.41440207378295,215.48425229628765,216.19793398457156,5211000
506,2023-01-23,219.16995239257812,221.14481301659623,218.16297232835183,219.5805792369367,5501500
507,2023-01-24,218.88641357421875,224.85986537725617,211.7886684114068,217.0582098772322,5274900
508,2023-01-25,219.87387084960938,219.94231363209735,216.22723402824957,216.6671743286751,4729600
509,2023-01-26,219.68809509277344,222.00512458464237,218.6713290864201,220.9492590785582,7043400
510,2023-01-27,226.2677001953125,227.63640653779186,222.17133739619027,222.9045761334714,11382600
511,2023-01-30,223.9800262451172,225.2705188229511,222.8361605477384,225.05543424034843,5677400
512,2023-01-31,225.06520080566406,225.64201171913143,223.34452429392292,223.6964794969808,11294200
513,2023-02-01,225.7397918701172,227.46046856428669,222.70908027814733,224.2439858279791,5792700
514,2023-02-02,224.42971801757812,229.0637923665337,223.26631012767837,228.7313943744997,7190000
515,2023-02-03,224.9869842529297,225.7006657971515,222.5526262170643,223.57916345714156,5243600
516,2023-02-06,224.3124237060547,225.11409039738606,222.9437022822034,223.58895602839976,3402400
517,2023-02-07,226.150390625,226.94228608791394,222.85569436524585,222.92413714242636,4042600
518,2023-02-08,225.05540466308594,226.6783099666087,224.8501061725346,225.1922752960469,4978600
519,2023-02-09,224.6636199951172,227.72965348439854,224.44811413363402,227.66109159047267,5238400
520,2023-02-10,222.5575408935547,225.21217310369815,221.5387981496441,224.28158777140465,4509700
521,2023-02-13,224.20323181152344,225.13381719016337,221.6465621182906,222.24409840512286,4946700
522,2023-02-14,224.70274353027344,226.69126219405481,222.52810485265087,223.99745450255816,4829400
523,2023-02-15,224.2423858642578,224.3893298234971,222.16570944061107,222.93956048340388,4407300
524,2023-02-16,221.2154998779297,223.6938018755155,221.05876565391677,221.45060121394906,3865900
525,2023-02-17,218.9918975830078,220.17717969631838,217.20909421770537,219.59922406667135,4520200
526,2023-02-21,216.11196899414062,217.89478730220804,215.49485222727066,215.66137674829903,7276100
527,2023-02-22,215.5242156982422,217.2188614808931,214.9658556441156,215.90624601796114,4621800
528,2023-02-23,216.611572265625,217.5519478539864,214.45651373604574,217.03277873922426,5533800
529,2023-02-24,215.06382751464844,215.73973078944044,213.01653712216142,214.0156841877684,4414400
530,2023-02-27,215.84751892089844,216.9152429901051,214.8581470309171,216.2197440867222,4255300
531,2023-02-28,215.4458770751953,217.2384857192087,215.01486538631778,215.50464867876954,5385400
532,2023-03-01,213.89813232421875,215.76910784590615,212.0075612882158,214.97566140660362,4792700
533,2023-03-02,214.5838623046875,215.11283665207318,212.65411485926285,213.43777114801912,5539300
534,2023-03-03,219.19760131835938,219.442492944955,215.4066687747002,215.70054171601467,6055400
535,2023-03-06,222.11671447753906,222.77302227022747,219.11924323597728,219.35432964111982,5737600
536,2023-03-07,218.60984802246094,222.73382945116228,218.5216906271557,222.1166977900293,4386800
537,2023-03-08,217.64990234375,218.37477205200577,216.66053052486052,217.42460621391376,4194900
538,2023-03-09,215.51441955566406,219.78533007910877,215.171580250022,216.87601638818208,5066700
539,2023-03-10,211.72349548339844,214.64259936857397,211.07697802819234,214.55444197386353,6638900
540,2023-03-13,210.08763122558594,213.3985708223562,208.15788399933805,210.24436545493575,6810800
541,2023-03-14,214.19203186035156,215.37729905122447,211.62555725810648,213.54551433060283,7985600
542,2023-03-15,211.9488067626953,212.47778106283275,209.3039801030057,210.02886472108324,8372200
543,2023-03-16,213.00672912597656,213.1340775520374,204.49429398172,210.7733187364384,13674600
544,2023-03-17,212.94796752929688,214.19202120855255,210.47945568656095,210.47945568656095,18801200
545,2023-03-20,213.69244384765625,216.04341261225082,212.40921401697747,212.5659482573504,9817400
546,2023-03-21,217.414794921875,217.96334980375138,214.21160808670444,216.81725872261688,8971400
547,2023-03-22,215.54383850097656,220.30453300486192,215.42629528633768,217.95357903007937,6700600
548,2023-03-23,218.04168701171875,220.64733729019423,215.75929544721933,215.93562517620512,6427700
549,2023-03-24,216.52337646484375,216.80745912525558,213.79039245753006,216.16094163638607,4791500
550,2023-03-27,217.2776336669922,219.50125371190916,216.86621754825387,218.04169430850587,7210900
551,2023-03-28,215.82789611816406,218.76659571864323,214.18221656945622,218.26702216748146,6418400
552,2023-03-29,218.73721313476562,218.9821047717398,216.40583996773134,217.74784135531024,4483000
553,2023-03-30,217.81639099121094,219.65798065435203,216.68989558058587,219.3445122236057,5383900
554,2023-03-31,220.85305786132812,221.22528294747238,218.7273855165938,219.03106367084,9509000
555,2023-04-03,224.32073974609375,224.47747398123113,219.54045020339922,220.62776967079083,6421500
556,2023-04-04,223.00814819335938,225.34931190018165,222.19510607632893,224.32076392335995,5254700
557,2023-04-05,223.50770568847656,223.8015786530908,221.92081260535957,222.14610873453054,4813600
558,2023-04-06,221.3722381591797,222.09710780127756,220.08899349192816,221.53876267012106,4285200
559,2023-04-10,221.8032684326172,221.85224975430705,219.73639715911224,220.9510502338165,4952200
560,2023-04-11,223.78196716308594,224.4578704493539,221.57794250629848,222.36159870700047,4513300
561,2023-04-12,223.15505981445312,226.8578202847244,222.6848720420218,225.2317361774413,4373000
562,2023-04-13,227.9353485107422,228.08227751805208,224.1248351355087,224.77135266167164,7615500
563,2023-04-14,229.23818969726562,230.18837053556368,227.49456227063638,228.22923725198018,9781300
564,2023-04-17,228.70919799804688,229.26755811608976,226.22110549324074,229.2381723148243,4865000
565,2023-04-18,228.82676696777344,229.5418464107039,226.9557911480921,228.97369598104672,4796200
566,2023-04-19,227.81777954101562,229.27732400523323,227.11249049168975,229.21855240895573,3833900
567,2023-04-20,229.80630493164062,229.87486681362043,226.76964282857097,227.71003323728237,4925700
568,2023-04-21,229.2675323486328,230.75647754907118,228.61122461580092,230.19811749378255,6771500
569,2023-04-24,228.00390625,230.34506972153872,226.77944805469733,229.4438702834359,9124100
570,2023-04-25,224.89871215820312,230.21776704287862,224.741977900949,228.25863366820653,6076500
571,2023-04-26,223.48809814453125,228.01370568324316,222.08732517928647,226.49537457027918,8400400
572,2023-04-27,224.33053588867188,224.93787732893904,221.9795820882175,223.99748684055746,7128200
573,2023-04-28,227.97454833984375,228.7973957074752,223.39997375617213,223.97791450778132,11627900
574,2023-05-01,227.75901794433594,229.7965182047796,226.7794513737572,228.11166250762426,4571100
575,2023-05-02,222.34202575683594,227.62188920595284,221.58777022624804,227.21047302190482,5244000
576,2023-05-03,221.36241149902344,223.99744751383022,221.30363990638043,222.34197790173243,4093300
577,2023-05-04,220.99020385742188,221.44079606788372,218.91351275595116,220.24572376657457,5648700
578,2023-05-05,227.04393005371094,227.59248492122853,222.64567093515157,223.67421878524664,6237500
579,2023-05-08,227.48472595214844,228.67979828758675,226.52475495953362,226.52475495953362,2938400
580,2023-05-09,228.4936981201172,229.30674018601073,226.1035681884904,226.3582501217703,4352100
581,2023-05-10,226.54434204101562,230.01200077332476,224.22275933968334,229.51242725379663,5245000
582,2023-05-11,226.73080444335938,227.23136687435283,224.0415693246234,226.47562603079066,3818000
583,2023-05-12,227.093994140625,228.41897817776126,225.5628934882151,227.7025046624443,3432700
584,2023-05-15,228.4974822998047,228.517116018032,226.2793513765679,226.90749557459046,2843200
585,2023-05-16,226.2008514404297,228.78213898602647,225.3764149158004,228.2521333800931,4289700
586,2023-05-17,228.34046936035156,229.5575054392112,226.27937798825954,228.41898926635614,4990100
587,2023-05-18,229.2728729248047,229.81267291655485,226.8486252313032,228.0950893671751,6621900
588,2023-05-19,228.9882354736328,229.99915487476972,227.64361772139324,229.66545652366705,5399400
589,2023-05-22,226.995849609375,229.53786976809042,226.8976959836682,228.98824540686985,3987800
590,2023-05-23,220.41995239257812,225.23900468853316,219.5169959808459,225.0230787013646,8537200
591,2023-05-24,218.1331024169922,218.96736324233862,215.95422388542198,218.42754829512268,6730800
592,2023-05-25,219.2421875,220.52791909677575,216.40572150389355,218.32940672503977,6827600
593,2023-05-26,220.84197998046875,222.01976353796076,219.2029163335318,219.6740357469846,5067300
594,2023-05-30,217.53439331054688,221.29344910819674,215.67940381534441,220.84196344813788,6916000
595,2023-05-31,216.9357147216797,217.42645289278715,212.1362960072942,215.88554282310272,20460600
596,2023-06-01,222.30438232421875,222.51049893706724,218.30976658794725,218.60421247367088,7003600
597,2023-06-02,224.55197143554688,226.00456724165198,223.20735360500748,224.571605156208,5897100
598,2023-06-05,222.56939697265625,224.10049768859514,221.1364349064254,223.68827941708395,4858900
599,2023-06-06,223.99252319335938,225.00344258792055,221.97068440423698,222.49086564702517,6020100
600,2023-06-07,221.09716796875,223.3349327111213,216.92589373762476,222.79511775657127,8517200
601,2023-06-08,218.9182891845703,220.96957103363113,218.29014495886278,220.92049422396937,6248200
602,2023-06-09,219.41883850097656,221.00882530931588,218.6336544683639,219.4973584018518,6385000
603,2023-06-12,221.98049926757812,222.25531144127856,219.48755598439834,220.25310632201246,8621100
604,2023-06-13,219.26181030273438,222.94234661025212,218.50608429707862,221.44068899487613,6868700
605,2023-06-14,219.30105590820312,221.29345149953826,218.45698573334153,219.59550177871563,9160700
606,2023-06-15,221.98049926757812,222.90308941191827,217.26940989877872,217.90737849755067,12534000
607,2023-06-16,224.6697540283203,225.54326737749147,221.89217417112337,222.25531562689346,13628900
608,2023-06-20,222.27493286132812,225.31751529968443,221.99029635537033,222.79511408820062,12312300
609,2023-06-21,223.04049682617188,224.39493895899935,220.81254135542503,221.93142377676153,7032100
610,2023-06-22,224.1593780517578,224.68936867960988,221.32291206163217,222.1669823031301,6275500
611,2023-06-23,225.2978973388672,225.7199249774501,222.1964285033567,223.0110556644893,5424400
612,2023-06-26,222.1080780029297,225.8376907419899,222.00992438763637,225.18991282378772,5165400
613,2023-06-27,223.1288299560547,224.37530911466357,222.32402713613803,223.26623604609608,4628500
614,2023-06-28,223.7373504638672,223.83548911104597,221.83328399014366,223.28586476319595,5324500
615,2023-06-29,229.9795379638672,230.35248878083715,224.36549222824254,224.55196014865749,7118900
616,2023-06-30,233.0810089111328,233.86619301838547,231.5793512324774,231.89343086583494,6879400
617,2023-07-03,233.5619354248047,233.98396307979812,231.04935828734693,232.609902137795,3087400
618,2023-07-05,235.01451110839844,235.55432610094124,229.65565857624082,230.0678768497806,7601200
619,2023-07-06,234.455078125,235.16174230366516,232.30564249623848,233.85637694519036,6441800
620,2023-07-07,232.070068359375,234.02321158963358,231.75600373067053,232.34488052554386,5729500
621,2023-07-10,233.74839782714844,234.67098793990328,232.11914358445966,232.61969110310463,4858900
622,2023-07-11,236.09414672851562,236.24136219538613,233.70915133222599,234.38637243211247,3856500
623,2023-07-12,237.723388671875,239.43114790273222,236.7615310848728,237.07561069927522,6116000
624,2023-07-13,238.802978515625,239.74520228352122,238.64593872495252,239.27408291150377,5819600
625,2023-07-14,238.65577697753906,240.2065113044733,237.47800843114862,240.19668695689714,4941200
626,2023-07-17,239.47039794921875,240.8248250035677,238.4987310608939,238.60669404848554,4328100
627,2023-07-18,236.31005859375,238.67540515143173,233.27728537237965,238.59690022455797,7674000
628,2023-07-19,236.947998046875,238.09632347953487,235.6720759074287,236.78114887899855,4835500
629,2023-07-20,235.18133544921875,237.13447858823233,234.64153548983765,236.69281726867547,4695000
630,2023-07-21,234.81820678710938,235.8978367168164,234.30783491341694,235.2991355696407,5427400
631,2023-07-24,236.28060913085938,236.81059974173712,233.77784157828492,235.2402316760834,6010000
632,2023-07-25,234.26858520507812,236.3395008392185,234.14098849111977,235.5739505077486,4997500
633,2023-07-26,232.70802307128906,234.4256064955466,223.46250368856914,227.1332302266781,7551400
634,2023-07-27,230.0972900390625,234.23912093282394,228.64470941020315,233.02208501472413,8160100
635,2023-07-28,231.38302612304688,231.5106228280137,229.3808211609425,230.23470070676274,6794800
636,2023-07-31,233.3263702392578,234.00359132201112,231.62842033436345,231.62842033436345,4799600
637,2023-08-01,235.33837890625,236.2707783678539,232.60987607277025,232.74728215157356,4627300
638,2023-08-02,233.1595001220703,234.36671173990405,232.40375920144427,234.2096869186932,4868200
639,2023-08-03,234.33729553222656,234.62193206959373,230.8923188234448,231.62842610981076,5033800
640,2023-08-04,234.56301879882812,237.42892770569432,233.43431210437623,233.59135190160873,5169700
641,2023-08-07,237.03631591796875,237.69390318661524,234.77893259843006,234.78874196919605,5649800
642,2023-08-08,234.85743713378906,236.8891000894266,232.99263831387108,235.96651005021758,5080600
643,2023-08-09,235.31874084472656,237.48780995166962,235.05375303944294,236.04503866279137,4055000
644,2023-08-10,236.15460205078125,239.88138562262475,236.08576231252584,236.6069217433374,4778000
645,2023-08-11,236.0365753173828,236.7052419919119,234.4435986877092,235.9972490444345,3607100
646,2023-08-14,238.848876953125,239.2717131607571,236.25290780854283,236.70524247202127,4351100
647,2023-08-15,235.830078125,238.62270854290435,235.35808784413035,237.9737125290208,3770100
648,2023-08-16,235.29910278320312,237.049429657935,232.0836508102162,232.5851396031026,3218600
649,2023-08-17,233.41110229492188,236.37091066061762,232.54578927147088,235.99724355694292,4177600
650,2023-08-18,234.19776916503906,235.06309721640358,231.37564018520388,231.65096910985605,4344800
651,2023-08-21,235.46624755859375,236.5183940945506,233.79458847578178,235.38758001316612,3573600
652,2023-08-22,236.55775451660156,237.4033969387204,234.6894339211471,235.99725383667482,3848400
653,2023-08-23,238.25888061523438,238.4948682499046,236.70523033502081,237.29522943029696,4947700
654,2023-08-24,235.47610473632812,239.4978878453728,235.3679387234156,238.20973851251563,4570700
655,2023-08-25,238.52438354492188,239.35037028122747,236.20374342556306,237.35422816633877,3541500
656,2023-08-28,239.7633514404297,241.13999593083912,238.55386985212002,238.95702037869015,3741500
657,2023-08-29,241.24818420410156,241.730017322388,239.34053737387904,239.43887556268885,3975600
658,2023-08-30,242.1233367919922,244.08998050716252,241.94634605969125,242.3101703456215,4573300
659,2023-08-31,241.58251953125,243.88350420281927,241.35635969326256,241.4940241604247,5532600
660,2023-09-01,243.97198486328125,244.7193040679156,242.65433718499148,243.34265947929953,4112900
661,2023-09-05,241.24818420410156,244.54231847331687,241.11051974234843,244.20799263824514,4459600
662,2023-09-06,242.05450439453125,242.5461653077452,240.13702983385684,241.32684084142645,4520300
663,2023-09-07,243.01815795898438,243.27381623480684,241.0220158321653,241.40551074804924,4007900
664,2023-09-08,243.16563415527344,244.0014636623658,242.32981965248052,243.65729504078672,3309100
665,2023-09-11,243.09683227539062,244.21781859951903,242.16267950600044,243.20499828053903,2995800
666,2023-09-12,243.1754913330078,243.62781097197765,241.90699777108296,242.82149487436604,3499600
667,2023-09-13,243.69667053222656,245.88947418831023,242.4970166027831,243.02800383180323,5657000
668,2023-09-14,237.47222900390625,241.44484271330077,234.76809389102533,240.91385551120925,12000000
669,2023-09-15,237.04940795898438,240.028871994022,236.02674482231947,237.86555189888503,13077900
670,2023-09-18,240.57952880859375,241.1400144640877,236.75440739022,236.92157030516734,4771600
671,2023-09-19,239.49789428710938,241.0318741447268,237.43292717274065,240.91388031084927,4709000
672,2023-09-20,237.8262176513672,240.45168512864282,237.63938410357036,239.5667014861635,5756600
673,2023-09-21,232.6637725830078,236.7642227040861,232.32944677076833,236.7543948875967,6881500
674,2023-09-22,231.15931701660156,233.8241109973626,230.96265563494012,232.8014628101421,5935500
675,2023-09-25,229.46798706054688,231.54279676009924,228.33717293701247,231.45430139480712,5921600
676,2023-09-26,225.81985473632812,228.7894908967263,225.77070064772894,228.0618273329915,6193200
677,2023-09-27,225.67234802246094,226.8326605182904,224.11869781290147,226.41966717209857,6006700
678,2023-09-28,227.7963409423828,228.661653958229,225.83952508020573,226.82284691971773,4203900
679,2023-09-29,226.17385864257812,229.14349490070717,225.8198621680707,228.95666134411977,6045200
680,2023-10-02,227.41285705566406,227.51118024180406,224.9545523376455,225.4167148249771,5175200
681,2023-10-03,224.99388122558594,227.88485000825594,223.9810608703378,226.62619917834948,5585700
682,2023-10-04,227.36366271972656,227.83565297198388,225.062693360135,225.65267742438178,5430900
683,2023-10-05,229.5860137939453,230.28417900803896,226.38038951130642,226.56722308990766,6126200
684,2023-10-06,231.1199493408203,232.64410113214663,228.86814902002334,229.2811423756337,6401300
685,2023-10-09,230.5299835205078,231.24780429037273,227.83567617275438,228.91733624046955,5372200
686,2023-10-10,232.65394592285156,234.24692245145116,230.37263212477305,230.98228684474572,4644000
687,2023-10-11,231.7493133544922,234.53211631410156,230.97249560455361,233.58813563074085,4760900
688,2023-10-12,232.83096313476562,233.76511595837675,230.97248530519974,232.7621384025678,4472800
689,2023-10-13,233.7061309814453,234.66978231155008,232.29014494291442,232.44748005926286,4966800
690,2023-10-16,236.06610107421875,236.69542650428028,234.35511552797254,235.01393941535713,6227300
691,2023-10-17,237.17724609375,237.45257503331666,234.31577568150146,235.63343846862986,4527600
692,2023-10-18,233.5094451904297,236.8134072670269,233.0374548950018,235.9579220432574,9528300
693,2023-10-19,229.91049194335938,233.9519455684407,229.51716918353162,233.5094537125591,5927400
694,2023-10-20,229.48765563964844,231.83779423522356,228.75999207707392,230.225147019067,5748300
695,2023-10-23,227.6685028076172,230.54964358071388,227.42267234935264,227.50133989651334,5071700
696,2023-10-24,230.7364501953125,232.58509994725483,229.00580926015985,229.00580926015985,6844100
697,2023-10-25,232.8997802734375,234.50258464540414,227.43249832234477,228.37649387631987,10365300
698,2023-10-26,227.4226837158203,231.6804692662802,226.51802938470868,230.65782111068046,6414500
699,2023-10-27,225.44618225097656,227.53081956355172,224.22685787711796,227.3144875777978,5540900
700,2023-10-30,229.1926727294922,229.48767230354065,226.19353790121906,228.31751682920608,5170300
701,2023-10-31,231.17898559570312,231.78864037471058,229.1041757784179,229.67450428316423,4828400
702,2023-11-01,234.6009521484375,235.05327184209685,231.74930949672813,232.20164419468966,4996200
703,2023-11-02,239.1930389404297,239.1930389404297,235.21058246491904,235.90874757718214,6286700
704,2023-11-03,239.53720092773438,241.2285156554706,238.2195382880095,241.03183928838018,5029800
705,2023-11-06,239.42904663085938,240.69752523651476,238.5637185871249,239.93053538113227,5254100
706,2023-11-07,240.68768310546875,240.98268264867986,239.32086639274732,239.35036484663843,4219700
707,2023-11-08,240.35267639160156,241.18042172774958,239.258864684461,239.93880372352757,5117500
708,2023-11-09,238.11575317382812,240.9143290251601,237.4555267252829,240.76652274423364,4866600
709,2023-11-10,241.67312622070312,241.6928387388006,238.44096492001904,240.42164445581307,4094400
710,2023-11-13,241.1015625,242.09682655173066,240.54973233126836,241.4267513571978,4088500
711,2023-11-14,243.33843994140625,244.31399139847406,241.99827462363507,242.5796660021644,14092000
712,2023-11-15,244.49139404296875,244.6195028453267,241.76178941432445,243.21035112812254,13258900
713,2023-11-16,244.94471740722656,245.81187274949022,243.66367435794984,244.96441488946834,7051600
714,2023-11-17,245.9202423095703,246.59033253908598,245.033374545242,245.8118460240418,7238200
715,2023-11-20,246.32427978515625,247.27027011446475,242.0180194553199,245.96952965260425,8604200
716,2023-11-21,248.55130004882812,249.64511164709614,246.3833893686895,246.3833893686895,7213700
717,2023-11-22,250.0195770263672,250.82760977261242,248.9750391894859,249.31007679070356,5701400
718,2023-11-24,250.5911407470703,250.9853008949626,249.80280541503996,250.48274445096308,1640900
719,2023-11-27,250.43345642089844,251.26120170611156,248.83708836566672,250.59112648558045,5478900
720,2023-11-28,249.25094604492188,250.44329012641748,247.94034190389183,250.1476775681915,5234900
721,2023-11-29,250.52212524414062,252.33530080729517,249.82248880776206,250.21664890970118,4955100
722,2023-11-30,252.93638610839844,253.02506987463883,249.4775838988284,250.54183420244468,6874700
723,2023-12-01,252.7097930908203,253.16307575762906,250.196965760105,252.05940027741846,3939400
724,2023-12-04,250.7290802001953,253.6360674669425,250.64039642875926,252.17764194529644,5247500
725,2023-12-05,250.89657592773438,251.10351974496388,248.46259907165583,250.48270332951873,4199100
726,2023-12-06,250.58128356933594,253.08423215048785,249.83237325411835,252.06927049474663,3874000
727,2023-12-07,252.0889434814453,252.40428358760983,249.80277282048405,251.17249945461802,3589300
728,2023-12-08,252.0101318359375,252.30575945383356,250.16739487159103,251.28091904995992,3732300
729,2023-12-11,252.77871704101562,253.87254364055434,251.2808966400802,251.2808966400802,6479300
730,2023-12-12,255.7743682861328,255.9320383276817,252.66045262863463,253.54732029892233,5946600
731,2023-12-13,258.5533142089844,258.65186176986515,254.91712874168496,255.37041143474454,4859900
732,2023-12-14,254.95654296875,259.41060985024296,252.66050819481703,259.3514873307203,8168700
733,2023-12-15,254.26670837402344,254.60174596695316,250.7389197995878,250.79804231172312,13374000
734,2023-12-18,254.6017303466797,255.80393814048793,254.18787278712324,254.92693421596059,6041100
735,2023-12-19,256.1981201171875,256.54302149461904,253.44883301913669,254.83824216030777,8731200
736,2023-12-20,253.3601531982422,257.01606618845824,253.33059193749213,256.70072602546236,7240900
737,2023-12-21,255.75465393066406,256.1980727003036,253.29111607994386,253.7542623987786,6246700
738,2023-12-22,254.66087341308594,257.4003267942236,254.45394461660305,256.20798267974175,5111500
739,2023-12-26,255.38021850585938,255.95174611607186,254.7594020899043,254.7594020899043,2085100
740,2023-12-27,255.15357971191406,255.98132496592203,254.54262702960978,255.46891982939007,4034700
741,2023-12-28,256.6021423339844,257.1638362816376,254.7692842805756,254.7692842805756,3020500
742,2023-12-29,256.5528869628906,257.64668354347015,255.8828117564551,256.76967953820673,4074900
743,2024-01-02,255.09445190429688,256.2966597637939,253.91197159703816,255.82364959739752,5471000
744,2024-01-03,254.21746826171875,255.0846085273921,253.11377778519795,254.77913216815125,4148300
745,2024-01-04,255.8236541748047,257.2328209230887,254.2371499606202,254.3061362497122,3843000
746,2024-01-05,255.90249633789062,257.6466705565014,254.97620356936616,256.9765953838418,3748400
747,2024-01-08,258.7109375,258.7897574909528,256.15871551901154,257.1342670285529,4659000
748,2024-01-09,259.4894104003906,259.7751892716556,257.3313784546,258.17882121922673,7055800
749,2024-01-10,260.70147705078125,261.49966106152215,259.02625896238055,261.1055009443953,4355800
750,2024-01-11,260.1792297363281,262.30773063256544,258.57299780496675,261.58836655651334,5599000
751,2024-01-12,260.31719970703125,261.67704769948165,259.8638869703896,261.2631900716681,4656100
752,2024-01-16,261.37152099609375,261.7854086166924,258.52368667341176,259.6766056299264,6196400
753,2024-01-17,262.74127197265625,263.2044183413874,260.53395144380323,260.56351269829725,5118700
754,2024-01-18,264.2292785644531,264.8599287320955,262.53436300971117,263.9730609578386,6694300
755,2024-01-19,266.94903564453125,267.1953895035743,263.15518020077,264.2687044552433,7226500
756,2024-01-22,267.2445983886719,268.377819786836,266.41682320607316,268.2694084835857,5984300
757,2024-01-23,267.30377197265625,267.9048608890122,265.9734552629885,267.589520766093,5883000
758,2024-01-24,267.6880798339844,268.880424014006,267.12638585445285,268.59467520827155,5021700
759,2024-01-25,268.634033203125,268.8015670252338,266.850434030755,267.9836856107852,6894900
760,2024-01-26,264.03216552734375,266.9194250037818,261.72629744198974,262.0613350196066,8586500
761,2024-01-29,269.668701171875,271.05814007825643,262.82005416493826,263.07627171536507,6574500
762,2024-01-30,273.10784912109375,274.57613839287234,270.1910282027605,270.58518831510463,6549000
763,2024-01-31,269.2745666503906,275.90639168707486,269.1957165939525,273.07825488018443,6139300
764,2024-02-01,273.00927734375,273.1472499106935,269.37309274056645,269.4026840670425,7065000
765,2024-02-02,273.13739013671875,274.43814547630126,271.6592672705986,273.56111147427634,4848700
766,2024-02-05,271.5607604980469,273.9454789786057,271.1173416151374,273.35422372890184,4899100
767,2024-02-06,272.7235107421875,272.84175575041326,270.0333165151145,270.79207536621925,4400000
768,2024-02-07,275.3152160644531,275.4630223562095,273.01918140003824,275.3053522875058,4785900
769,2024-02-08,272.26458740234375,276.0951332476334,271.7709609816325,275.97666772723323,5833400
770,2024-02-09,272.9062805175781,273.64672010738866,270.59611261279696,271.4945162638614,4618300
771,2024-02-12,271.5636291503906,273.1432396225034,270.7441924718249,272.90627846812004,3676200
772,2024-02-13,272.2942199707031,274.4563062322425,269.2831106767764,270.2604814067496,5493800
773,2024-02-14,274.0218505859375,274.1008476720823,271.20817443110286,272.94574878356,4218400
774,2024-02-15,277.3982849121094,277.5364846284486,274.02186729471504,274.11071642562507,4834800
775,2024-02-16,275.0091857910156,277.5365509919999,274.32797882925496,277.37858690086716,6630700
776,2024-02-20,271.64263916015625,273.3110990313326,269.8557137572983,271.0700457141722,6157200
777,2024-02-21,273.2320556640625,273.4393702865452,270.0432187278327,271.12920267891406,4770100
778,2024-02-22,280.1329650878906,280.4390110271289,275.4237803624754,275.6212128334174,5100200
779,2024-02-23,279.9848937988281,282.30494385228,279.88616249533925,281.0906120893506,5107700
780,2024-02-26,280.52789306640625,281.7126085452849,279.0568959517943,279.4320568577247,3856900
781,2024-02-27,279.5603942871094,280.5476471070781,277.95116736998995,280.5476471070781,4145200
782,2024-02-28,281.9890441894531,282.48267062814807,278.4842783975788,278.50404273740935,4358800
783,2024-02-29,279.0371398925781,282.0186324386006,278.582981921714,281.86066837854753,6633700
784,2024-03-01,279.550537109375,281.2782296987747,278.51390347859456,279.5900356617031,3955700
785,2024-03-04,276.95404052734375,279.39255626953855,274.5846397154354,279.20497581794154,5920300
786,2024-03-05,275.8186950683594,277.40815763184315,274.1403532387774,276.6973344030109,6227900
787,2024-03-06,276.8552551269531,278.40524902792754,275.74953697266005,276.43074371567275,4535200
788,2024-03-07,274.7129821777344,277.585891529098,272.6397452085625,277.29957977233636,5668500
789,2024-03-08,276.4703063964844,278.0795334198675,275.2757087128713,275.4435549599182,3928800
790,2024-03-11,276.983642578125,277.19095722969314,274.4463956565787,275.88780643412895,4614000
791,2024-03-12,280.3008117675781,280.8536708928178,276.7170794935178,277.72406644408375,7988700
792,2024-03-13,281.5052490234375,282.4530031783755,280.2020682300469,281.0313568816878,5783800
793,2024-03-14,282.75909423828125,285.3555740713797,280.92278825838434,285.2765769708647,5484500
794,2024-03-15,279.4320068359375,281.9889876603627,279.03711178985776,279.9354852150508,9845000
795,2024-03-18,281.4164123535156,282.5813936122074,279.63936927802075,280.25146122338975,4095600
796,2024-03-19,283.68707275390625,284.38801374326835,281.613836033469,283.0058659724974,6595200
797,2024-03-20,285.59246826171875,286.1749437564456,283.06510368557133,283.9733894528879,6105000
798,2024-03-21,286.6686096191406,287.25108519412294,284.2300938371956,286.27371449881304,5057600
799,2024-03-22,279.64923095703125,286.78704924487647,279.28395225049957,286.30330502580085,8744100
800,2024-03-25,277.6253356933594,279.8861529130283,276.47026685491977,279.40240870962737,8519200
801,2024-03-26,277.02313232421875,280.50813338505526,274.86104635515346,280.50813338505526,8752400
802,2024-03-27,275.4632873535156,277.66487211918025,273.449313173646,276.6776192405342,5190700
803,2024-03-28,275.52252197265625,276.23334525521415,273.5875147534691,274.9400463857579,5844400
804,2024-04-01,274.7326965332031,277.3094419007067,273.261699563627,276.78616901508497,5084000
805,2024-04-02,274.8906555175781,275.7692947899063,273.44927495222294,274.456261901406,6912300
806,2024-04-03,273.4295349121094,276.9046841502886,273.03463980647047,276.9046841502886,4536600
807,2024-04-04,270.50726318359375,275.5224940765608,270.07286954775833,274.8116708659723,4018600
808,2024-04-05,273.6072692871094,274.4167937263294,271.52415010693477,272.58051788719945,4392100
809,2024-04-08,274.2193603515625,274.4365571829879,271.6426147547176,272.7285989118445,5542400
810,2024-04-09,273.192626953125,274.45630947506174,269.83597307878387,274.09103071827366,7313900
811,2024-04-10,270.9811706542969,273.29133868689706,270.62574396466914,271.9091907351575,5276000
812,2024-04-11,272.16583251953125,272.95565280140033,268.71044787383204,270.5072551204508,8102300
813,2024-04-12,272.44232177734375,273.4690733044502,270.566547155843,272.0375444433059,9038400
814,2024-04-15,267.8219299316406,274.3674206097634,266.89390991862564,274.34768640066903,10267500
815,2024-04-16,267.89111328125,270.63567547456074,266.72616194729585,267.0914407445042,8237100
816,2024-04-17,269.2139892578125,270.5072881155248,268.0391559246897,269.8161990506642,5940900
817,2024-04-18,267.9107971191406,269.66810596099174,266.4200356965612,269.0955125730345,8231800
818,2024-04-19,266.3410339355469,268.532736148964,264.87003704410586,268.0094934196985,7905400
819,2024-04-22,268.8585205078125,270.27031479788576,265.92637871852503,267.4961370595352,6463700
820,2024-04-23,270.6158752441406,271.3859614218447,269.2337272237113,270.5171740579842,6438000
821,2024-04-24,271.5142517089844,279.39253982670607,270.9910089349462,278.9680283574714,8807200
822,2024-04-25,271.6524963378906,272.6989819428903,267.04201229700016,269.4904101979128,8064600
823,2024-04-26,271.0206298828125,273.24194869980386,270.33942303531666,271.5044042459368,6840600
824,2024-04-29,268.3747863769531,270.97126595355604,267.63434680774225,268.8486785475308,4128600
825,2024-04-30,265.1859436035156,268.61171181095267,265.1563272265057,267.0814821178369,6376400
826,2024-05-01,263.9124450683594,267.45667926467996,263.31020514936915,264.7318516958433,6119900
827,2024-05-02,264.1986999511719,266.03500577462586,263.2509457256983,265.9165402625121,5061700
828,2024-05-03,265.0675354003906,266.015319926734,263.10291166735624,265.571044046975,3862000
829,2024-05-06,269.1942443847656,269.3028277351497,266.1337545636316,266.21272153404135,3958700
830,2024-05-07,272.9359436035156,274.33785605670084,269.3522105549787,270.2308801469645,6377100
831,2024-05-08,273.6566162109375,274.9992656071173,271.4155631179467,274.2588259796037,9029700
832,2024-05-09,274.98944091796875,275.2362541516892,272.87670517560883,273.27160032384785,8948800
833,2024-05-10,277.1612854003906,277.44759709050834,275.6804064997626,275.9864523956078,8986400
834,2024-05-13,275.8285827636719,278.55338008831444,275.54227100684045,277.8721732250125,10528400
835,2024-05-14,274.1996154785156,276.4209345413774,270.77384665198167,275.8779574885495,18526100
836,2024-05-15,277.91162109375,278.1387000496286,273.5380990832356,273.617066038703,21288400
837,2024-05-16,276.78411865234375,279.2963900777148,276.21046558510704,278.66336444624477,10341500
838,2024-05-17,277.0412902832031,277.84244259976583,275.06313045281155,276.99181817684916,6177800
839,2024-05-20,275.4983215332031,277.20941042817236,275.1422370762819,276.17088861543755,5460900
840,2024-05-21,272.9366149902344,275.3895138648128,271.8782922355033,274.9642167450204,6578200
841,2024-05-22,272.5706481933594,275.043348148676,272.11567985319226,272.5212062679833,4202500
842,2024-05-23,271.2353820800781,274.41031999318386,270.04847416907234,272.2343322177806,6115900
843,2024-05-24,271.4925231933594,272.2343330940452,270.3649878401644,272.0068640424677,4339700
844,2024-05-28,268.0209045410156,271.46288356236306,267.2790945540941,271.23541448434224,6212100
845,2024-05-29,265.92401123046875,268.17914241168626,265.3305874294363,266.0624969069254,5469700
846,2024-05-30,268.3373718261719,268.67368556318695,265.3800325066789,265.76578816626005,4901900
847,2024-05-31,269.4847106933594,269.78145278451433,266.0724030275091,268.4758600258107,8910000
848,2024-06-03,267.4274597167969,270.1474297624367,265.1327868340551,270.1078581101614,4838800
849,2024-06-04,269.4451599121094,270.008912515595,266.3691057241446,266.68561853670286,4188500
850,2024-06-05,271.50244140625,271.92773853288537,269.04951230788055,270.5430326645817,5368700
851,2024-06-06,274.01470947265625,274.1234937753746,271.0870111769115,271.7991499266435,4862400
852,2024-06-07,275.62689208984375,277.26873806082546,273.8366298111936,274.6773537114354,4515600
853,2024-06-10,272.0365905761719,275.5181415520128,270.39471403983356,275.10274482633787,5213800
854,2024-06-11,271.6706237792969,271.85852121448784,269.24736564403565,271.5420385465397,6244600
855,2024-06-12,267.3680725097656,274.5685726161433,266.95264569133235,273.7476194367676,7536600
856,2024-06-13,268.22857666015625,268.8912432804594,266.3790021030963,267.3680819889528,7361200
857,2024-06-14,267.7043762207031,268.58464165842724,266.32954063597396,267.1504938772461,8537300
858,2024-06-17,268.20880126953125,268.8615674206528,266.0624846734061,266.0624846734061,9258200
859,2024-06-18,270.63201904296875,270.90896018880215,268.33734658645153,268.33734658645153,6707500
860,2024-06-20,273.797119140625,275.00379788760347,270.11774051740576,270.20675409083145,10164400
861,2024-06-21,272.214599609375,274.5092724603739,271.5815739190334,274.1433176887879,14594700
862,2024-06-24,273.2828063964844,277.3281703728918,272.26405514991495,272.3135272631302,24149600
863,2024-06-25,270.5429992675781,274.89494439544836,270.5429992675781,273.8267514815691,18325800
864,2024-06-26,270.6122741699219,271.4628684189991,268.7824702673913,269.929806605279,12172000
865,2024-06-27,263.6788024902344,267.6351220237856,263.5897889228482,265.5778491474409,10529100
866,2024-06-28,259.60382080078125,265.6668858432789,258.3971420306241,264.2821799228507,13957300
867,2024-07-01,260.3653869628906,262.8677579385193,258.44656951453874,260.9093990263112,7955800
868,2024-07-02,265.3009338378906,265.3009338378906,259.5345806526565,260.3654042135374,8697800
869,2024-07-03,266.0526123046875,266.8043227432262,265.2217887494041,266.1317556057575,5017800
870,2024-07-05,267.4076232910156,267.59555088396127,265.3107787637514,266.0624891355339,7986400
871,2024-07-08,263.49090576171875,268.4758774095195,263.0656086062821,267.2988697956731,8561100
872,2024-07-09,262.5413513183594,264.6282952618724,261.0379608498238,264.08431343152824,6431300
873,2024-07-10,260.1280517578125,260.6028210456295,255.6870920160651,256.29041635485885,9635500
874,2024-07-11,259.6828918457031,260.751114942916,257.9124607198505,259.2674952290362,8803600
875,2024-07-12,262.83807373046875,264.47994992888937,260.78080089186676,261.4533679559941,6627800
876,2024-07-15,265.5185241699219,266.29987559629177,262.35345626192935,262.76888312127915,6845200
877,2024-07-16,266.3097839355469,267.2592922623132,264.450308748399,265.5877446856319,7869900
878,2024-07-17,269.7220764160156,269.92977472462553,265.31075872816524,265.5085867640073,5324700
879,2024-07-18,266.21087646484375,270.6320652805491,265.6273228858631,269.31660215917344,5550800
880,2024-07-19,262.5611267089844,267.991195573175,261.4236909262348,267.3680704425038,6839900
881,2024-07-22,264.78656005859375,265.4690275746508,262.12593282859103,264.31182104521275,5313600
882,2024-07-23,261.8984680175781,264.77669407006414,260.9786007956232,264.608537210556,8109200
883,2024-07-24,251.39443969726562,254.39136571869614,250.36580322821038,253.2737005874205,13065900
884,2024-07-25,250.96913146972656,255.40020505839192,249.94047995404284,252.60110721720952,8573300
885,2024-07-26,256.6266784667969,258.34769812586956,252.79894384367867,252.79894384367867,7062200
886,2024-07-29,258.7432861328125,259.841150241076,255.7562457678681,257.47726517457824,6068100
887,2024-07-30,260.2269287109375,261.4138064848319,258.1597553342391,260.35551392791547,5941800
888,2024-07-31,262.76885986328125,263.45129719756216,261.364353180039,261.65119479124127,7642500
889,2024-08-01,263.0260009765625,264.08432367522863,261.2951112146462,263.42162688527895,7269700
890,2024-08-02,263.6689147949219,265.0338499295563,260.00933715984416,260.94894498394933,7017900
891,2024-08-05,253.6396484375,260.0488969665743,251.73071640916774,258.59494832645515,9631300
892,2024-08-06,255.43980407714844,257.64543310407487,252.9769895055,253.69901366165547,21586800
893,2024-08-07,253.71875,259.168589584032,253.51105168495656,256.82447518986345,12908600
894,2024-08-08,256.9926452636719,257.6059002236239,255.103529010113,255.31122736023502,8223700
895,2024-08-09,257.4385986328125,259.18284938045,256.69530119781155,256.8538749466604,7228100
896,2024-08-12,257.56744384765625,259.26215354507036,256.92322853605555,258.17197791565036,26769400
897,2024-08-13,257.80523681640625,259.3413724506206,256.95290686350614,257.80523681640625,12005700
898,2024-08-14,258.8063049316406,259.1630732300297,256.4277286296309,258.53869846299483,8552300
899,2024-08-15,264.4156494140625,265.00040331698085,260.491047614301,260.491047614301,7397800
900,2024-08-16,264.9905090332031,266.0410337078093,263.01830275170033,264.4652466959,5111100
901,2024-08-19,264.0886535644531,265.91220650929137,262.8597446819184,265.0301758501714,6555900
902,2024-08-20,265.64459228515625,265.64459228515625,263.40477974370384,264.6138780742867,6803600
903,2024-08-21,265.80316162109375,266.863576256149,265.0004028508466,266.15992985460423,6639700
904,2024-08-22,265.5455017089844,267.09155802975397,264.18774983387203,266.5365650040855,4425200
905,2024-08-23,265.04998779296875,266.8041590545032,262.93901799400567,266.29873730668857,3697400
906,2024-08-26,265.8131103515625,267.953810959624,265.27795788318855,265.32749895604917,4612200
907,2024-08-27,268.3006286621094,268.52858408451175,265.49593313529016,266.120277540843,6594100
908,2024-08-28,266.78436279296875,269.54943818616033,265.2779572920697,268.73675892804084,5455100
909,2024-08-29,271.8684997558594,273.52355857869435,268.0330895105951,268.5583518653368,5565100
910,2024-08-30,273.9001159667969,274.5145702762254,271.80898725278377,272.542364300186,6296100
911,2024-09-03,276.05078125,279.5690438823462,273.90016057192076,273.90016057192076,7278300
912,2024-09-04,277.98333740234375,279.13297446826067,276.2093558584673,276.21924592504155,6107500
913,2024-09-05,276.13006591796875,278.98433320700735,274.9308877322453,278.4888015316841,6447400
914,2024-09-06,276.87335205078125,277.7752232921829,274.9506868099649,275.2876447059526,7187700
915,2024-09-09,283.0575866699219,284.4054485427408,279.1329843030677,279.5690545932574,10933900
916,2024-09-10,282.78997802734375,283.8405026301015,281.03580700081795,283.37470170285235,5314400
917,2024-09-11,281.4223327636719,282.6215411609369,275.81291072544883,282.4728574665874,6281800
918,2024-09-12,282.8197326660156,283.4441073921046,278.9545917960028,281.461980766985,4160800
919,2024-09-13,284.78204345703125,286.15960570777423,282.9981113816898,283.9297132972361,4987600
920,2024-09-16,287.8840637207031,288.30029334854737,285.1685298494639,285.47575703734657,4458900
921,2024-09-17,288.95440673828125,290.450921965503,287.48762219958735,288.3003013458171,5135700
922,2024-09-18,285.9019470214844,289.41028927012223,285.5550688231566,289.2319051377884,5890000
923,2024-09-19,282.69091796875,288.87517422631134,280.3421025214185,288.48864497808967,10382100
924,2024-09-20,282.2250671386719,284.43514904553393,280.71866190643726,282.9485541898953,27810900
925,2024-09-23,286.0506286621094,286.2983945075022,282.076454823655,282.3539513607008,6505600
926,2024-09-24,270.34228515625,278.488827879091,270.27290345637584,277.67614859590964,13690200
927,2024-09-25,267.2204284667969,271.7991365199526,265.83294576051554,271.73967513574445,11671300
928,2024-09-26,269.2619934082031,270.79812944244367,267.58709399288176,268.08262564842414,9552500
929,2024-09-27,272.7109069824219,275.4957924911176,270.342251130872,270.71886003152446,6509600
930,2024-09-30,272.49285888671875,273.2262360300566,270.7584981597489,272.54239995240613,5969900
931,2024-10-01,275.11920166015625,276.56614573335617,271.9081357270118,274.49482688857665,5781600
932,2024-10-02,274.5245361328125,275.15883116703816,272.9090981026742,274.09838616942136,4741600
933,2024-10-03,274.3857727050781,275.20837218714485,273.3748990199132,274.1974985019799,3036700
934,2024-10-04,275.44622802734375,275.95168001129855,272.6415320706611,274.87142459537506,4259300
935,2024-10-07,271.3432312011719,275.1389903579752,270.79812823559337,275.11917997998853,4339300
936,2024-10-08,272.5027770996094,273.6326038645488,271.5612850403472,272.25501125587925,4370900
937,2024-10-09,274.45513916015625,275.0101321617743,271.96759096374865,272.5423943422637,4115800
938,2024-10-10,274.9903564453125,275.18858121866805,272.8893069251015,274.30652029554614,4063900
939,2024-10-11,275.3570251464844,276.308437451122,272.9090975723209,273.5731232946822,4746300
940,2024-10-14,278.171630859375,278.85546693402046,275.50566824833123,276.58592358128624,3996600
941,2024-10-15,276.7940673828125,280.11413536512345,276.3381565052255,278.4887770951537,5807000
942,2024-10-16,284.95050048828125,285.0298024869938,275.8624672399433,276.1300434346839,9442700
943,2024-10-17,287.7948913574219,288.33004377271044,285.0397062990334,285.99114886036193,8815800
944,2024-10-18,288.02276611328125,288.4390259415563,285.5054572585868,287.32904005928543,5350900
945,2024-10-21,284.28656005859375,287.8444742569765,283.7711877017635,287.0119845784699,6313100
946,2024-10-22,282.24493408203125,283.96937459704,280.9961846084856,282.5025899812062,5736500
947,2024-10-23,281.22412109375,283.5035544999521,280.99616565518954,283.4837441228448,5249300
948,2024-10-24,280.68896484375,281.08538413710534,279.21229012193857,279.86639556615893,4679900
949,2024-10-25,279.2122497558594,282.5422076324522,278.2707276060107,281.46195236017,4464600
950,2024-10-28,281.65032958984375,282.0963202487021,279.01409713371515,279.5195491811071,4306200
951,2024-10-29,279.3609619140625,283.14683144055186,278.8356995107955,281.7295877626174,7534800
952,2024-10-30,287.5669250488281,293.1366958450851,285.75326230871457,289.72743574117493,9606800
953,2024-10-31,287.25970458984375,293.6916957516853,287.03174914187514,289.47967671149655,7950200
954,2024-11-01,288.1417541503906,290.0545294381562,284.6234912892896,285.91186157071576,5470700
955,2024-11-04,289.2418518066406,290.53022209514745,288.1615963581548,288.9445146474709,4281600
956,2024-11-05,290.6689758300781,292.1456505302197,288.97423574020974,289.1030788137515,3753700
957,2024-11-06,304.6528625488281,306.23856993077356,300.1138057909227,303.5825274568053,10320500
958,2024-11-07,303.0671691894531,304.88083211007677,301.69952713215935,304.7519890316347,6237300
959,2024-11-08,305.11865234375,308.36933874742914,302.95814161551084,304.1474296696002,6240600
960,2024-11-11,308.1413879394531,309.64779313724665,306.5358401263973,307.3187885343577,4674100
961,2024-11-12,307.664794921875,308.35984000398713,305.93704563265726,306.86050985541385,4616400
962,2024-11-13,307.2973937988281,308.75702779122554,305.66894540356486,307.3073026679247,4046400
963,2024-11-14,306.0760498046875,309.0946185209963,305.65899854491175,307.1186325006,4415800
964,2024-11-15,307.456298828125,308.5286688661831,304.4973041731097,305.3909509218839,5106300
965,2024-11-18,309.9584655761719,310.20670242741795,306.5228760395843,307.29737380337804,4585600
966,2024-11-19,309.6506652832031,310.02799015885086,306.3342244692562,307.8137064583845,4885500
967,2024-11-20,305.2221374511719,310.08757399533926,304.06037557784595,309.660583553308,6349900
968,2024-11-21,307.7144470214844,308.7272729401404,304.48736740703987,305.13277726945773,5757100
969,2024-11-22,307.73431396484375,309.39251938212567,305.7285405468268,305.7980541469738,5919200
970,2024-11-25,310.9812316894531,311.44791822915886,307.674699526632,309.66059453774517,14189300
971,2024-11-26,309.62091064453125,312.2820027916214,309.3428865441241,311.98413064916883,7071500
972,2024-11-27,312.4806213378906,314.1388268579018,307.3073425325226,308.57831424638226,5204300
973,2024-11-29,312.8578796386719,314.01964152692113,311.487637565985,312.0734729447252,3853300
974,2024-12-02,314.4167785644531,315.1813674326483,311.4975108732597,314.6650154068856,5597500
975,2024-12-03,310.802490234375,315.082091308852,310.56416224137945,314.863641658311,5009900
976,2024-12-04,307.7144470214844,310.6436544847684,306.62219862997057,310.2166943006533,5981800
977,2024-12-05,306.90020751953125,308.89604174040005,306.65197063842237,307.79388453340624,5200100
978,2024-12-06,308.8166198730469,310.3556764179787,306.6221840220748,306.69169762148556,4302700
979,2024-12-09,306.12567138671875,310.80247545974987,305.470352768599,309.63077449762847,5785300
980,2024-12-10,310.17694091796875,310.7727154707939,304.4774320378618,305.19232513842894,4539500
981,2024-12-11,311.5770263671875,313.3245934841816,309.01520466815475,310.83231568994506,4321800
982,2024-12-12,312.0138854980469,313.324553091236,311.21950936331746,312.5997208523374,3218500
983,2024-12-13,312.5202941894531,314.71473003646884,312.123121240092,313.6026033549625,4682200
984,2024-12-16,313.66217041015625,315.3203756077167,311.884786069984,312.5202566521637,6562500
985,2024-12-17,316.05517578125,316.5913759136222,312.9174883607011,313.5926853852571,8843900
986,2024-12-18,307.59527587890625,319.3517706633013,307.37682621642796,316.253779306229,10479200
987,2024-12-19,312.6593322753906,314.63528822135737,309.0350797449425,309.63082403855225,8317100
988,2024-12-20,315.4693603515625,317.7432187453683,310.07766238104216,311.3585732162687,24387000
989,2024-12-23,314.9827880859375,315.7274986658359,311.1400863420377,313.4238533327858,7984600
990,2024-12-24,318.38861083984375,319.27234866281907,315.04238260244426,315.9261204254196,2684100
991,2024-12-26,318.6467590332031,319.18295912271725,317.20697315848304,317.51478443337896,2856000
992,2024-12-27,316.4126281738281,319.2325952074972,315.32037995246145,317.018311554288,3489200
993,2024-12-30,313.0862731933594,314.8735665689505,311.0209557304018,312.4607114211966,3478500
994,2024-12-31,313.8111267089844,315.4196967610112,312.967115299537,313.8905491735003,3963800
995,2025-01-02,312.18267822265625,317.425439647378,310.206722455912,315.53884551657,5369500
996,2025-01-03,312.6890869140625,313.6919735410826,309.80954535297246,311.9642243625473,4271300
997,2025-01-06,310.8323059082031,313.16573868393505,309.8691455838523,312.78841377096296,6567300
998,2025-01-07,309.4719543457031,312.9671185655649,309.1244166673213,310.68335148308825,4958600
999,2025-01-08,310.3953857421875,311.825232525754,308.02222673947915,308.80666372685226,5161600
1000,2025-01-10,305.53985595703125,309.65067300707904,303.8319851052124,309.00526321532783,6660100
1001,2025-01-13,304.7554626464844,304.7554626464844,301.69716735094016,302.84899009710006,9568400
1002,2025-01-14,306.9101257324219,307.9725867835767,305.3511909529538,306.572527233451,5107600
1003,2025-01-15,314.0494384765625,314.95302435047194,310.92165986832424,311.4677688800146,5222000
